PlateID,row,column,MID.fwd.i5,Name.fwd,MID.rev.i7,MID.rev.i7.rc,Name.rev
ST2_1,A,1,CTTGGTAG,P5-Hamady-nexF_0020,GTGTCTCT,AGAGACAC,P7-Hamady-nexR_0031
ST2_1,B,1,CTTGGTAG,P5-Hamady-nexF_0020,ACCTTGCT,AGCAAGGT,P7-Hamady-nexR_0002
ST2_1,C,1,CTTGGTAG,P5-Hamady-nexF_0020,CAAGCAAG,CTTGCTTG,P7-Hamady-nexR_0014
ST2_1,D,1,CTTGGTAG,P5-Hamady-nexF_0020,TTGCTACC,GGTAGCAA,P7-Hamady-nexR_0003
ST2_1,E,1,GTCACAGT,P5-Hamady-nexF_0025,GTGTCTCT,AGAGACAC,P7-Hamady-nexR_0031
ST2_1,F,1,GTCACAGT,P5-Hamady-nexF_0025,ACCTTGCT,AGCAAGGT,P7-Hamady-nexR_0002
ST2_1,G,1,GTCACAGT,P5-Hamady-nexF_0025,CAAGCAAG,CTTGCTTG,P7-Hamady-nexR_0014
ST2_1,H,1,GTCACAGT,P5-Hamady-nexF_0025,TTGCTACC,GGTAGCAA,P7-Hamady-nexR_0003
ST2_1,A,2,CTTGGTAG,P5-Hamady-nexF_0020,GAGAGAGA,TCTCTCTC,P7-Hamady-nexR_0028
ST2_1,B,2,CTTGGTAG,P5-Hamady-nexF_0020,TTCGTTCG,CGAACGAA,P7-Hamady-nexR_0013
ST2_1,C,2,CTTGGTAG,P5-Hamady-nexF_0020,TGACTGTG,CACAGTCA,P7-Hamady-nexR_0022
ST2_1,D,2,CTTGGTAG,P5-Hamady-nexF_0020,GTAGACCT,AGGTCTAC,P7-Hamady-nexR_0033
ST2_1,E,2,GTCACAGT,P5-Hamady-nexF_0025,GAGAGAGA,TCTCTCTC,P7-Hamady-nexR_0028
ST2_1,F,2,GTCACAGT,P5-Hamady-nexF_0025,TTCGTTCG,CGAACGAA,P7-Hamady-nexR_0013
ST2_1,G,2,GTCACAGT,P5-Hamady-nexF_0025,TGACTGTG,CACAGTCA,P7-Hamady-nexR_0022
ST2_1,H,2,GTCACAGT,P5-Hamady-nexF_0025,GTAGACCT,AGGTCTAC,P7-Hamady-nexR_0033
ST2_1,A,3,CTTGGTAG,P5-Hamady-nexF_0020,ACCAGTAC,GTACTGGT,P7-Hamady-nexR_0020
ST2_1,B,3,CTTGGTAG,P5-Hamady-nexF_0020,TGTCGACA,TGTCGACA,P7-Hamady-nexR_0029
ST2_1,C,3,CTTGGTAG,P5-Hamady-nexF_0020,TCTCACTG,CAGTGAGA,P7-Hamady-nexR_0034
ST2_1,D,3,CTTGGTAG,P5-Hamady-nexF_0020,TTCCATGC,GCATGGAA,P7-Hamady-nexR_0006
ST2_1,E,3,GTCACAGT,P5-Hamady-nexF_0025,ACCAGTAC,GTACTGGT,P7-Hamady-nexR_0020
ST2_1,F,3,GTCACAGT,P5-Hamady-nexF_0025,TGTCGACA,TGTCGACA,P7-Hamady-nexR_0029
ST2_1,G,3,GTCACAGT,P5-Hamady-nexF_0025,TCTCACTG,CAGTGAGA,P7-Hamady-nexR_0034
ST2_1,H,3,GTCACAGT,P5-Hamady-nexF_0025,TTCCATGC,GCATGGAA,P7-Hamady-nexR_0006
ST2_1,A,4,CTTGGTAG,P5-Hamady-nexF_0020,AACGTTGC,GCAACGTT,P7-Hamady-nexR_0035
ST2_1,B,4,CTTGGTAG,P5-Hamady-nexF_0020,ACTCTGTC,GACAGAGT,P7-Hamady-nexR_0016
ST2_1,C,4,CTTGGTAG,P5-Hamady-nexF_0020,TGTGAGAG,CTCTCACA,P7-Hamady-nexR_0018
ST2_1,D,4,CTTGGTAG,P5-Hamady-nexF_0020,GTACCAAC,GTTGGTAC,P7-Hamady-nexR_0008
ST2_1,E,4,GTCACAGT,P5-Hamady-nexF_0025,AACGTTGC,GCAACGTT,P7-Hamady-nexR_0035
ST2_1,F,4,GTCACAGT,P5-Hamady-nexF_0025,ACTCTGTC,GACAGAGT,P7-Hamady-nexR_0016
ST2_1,G,4,GTCACAGT,P5-Hamady-nexF_0025,TGTGAGAG,CTCTCACA,P7-Hamady-nexR_0018
ST2_1,H,4,GTCACAGT,P5-Hamady-nexF_0025,GTACCAAC,GTTGGTAC,P7-Hamady-nexR_0008
ST2_1,A,5,CTTGGTAG,P5-Hamady-nexF_0020,CCGCTTAT,ATAAGCGG,P7-Hamady-nexR_0025
ST2_1,B,5,CTTGGTAG,P5-Hamady-nexF_0020,AGAGACAC,GTGTCTCT,P7-Hamady-nexR_0001
ST2_1,C,5,CTTGGTAG,P5-Hamady-nexF_0020,GAGTACAG,CTGTACTC,P7-Hamady-nexR_0005
ST2_1,D,5,CTTGGTAG,P5-Hamady-nexF_0020,CATGTGCA,TGCACATG,P7-Hamady-nexR_0021
ST2_1,E,5,GTCACAGT,P5-Hamady-nexF_0025,CCGCTTAT,ATAAGCGG,P7-Hamady-nexR_0025
ST2_1,F,5,GTCACAGT,P5-Hamady-nexF_0025,AGAGACAC,GTGTCTCT,P7-Hamady-nexR_0001
ST2_1,G,5,GTCACAGT,P5-Hamady-nexF_0025,GAGTACAG,CTGTACTC,P7-Hamady-nexR_0005
ST2_1,H,5,GTCACAGT,P5-Hamady-nexF_0025,CATGTGCA,TGCACATG,P7-Hamady-nexR_0021
ST2_1,A,6,CTTGGTAG,P5-Hamady-nexF_0020,CGTTCCTA,TAGGAACG,P7-Hamady-nexR_0009
ST2_1,B,6,CTTGGTAG,P5-Hamady-nexF_0020,AGGAACCA,TGGTTCCT,P7-Hamady-nexR_0036
ST2_1,C,6,CTTGGTAG,P5-Hamady-nexF_0020,CCTAGGAT,ATCCTAGG,P7-Hamady-nexR_0017
ST2_1,D,6,CTTGGTAG,P5-Hamady-nexF_0020,AACGAACG,CGTTCGTT,P7-Hamady-nexR_0007
ST2_1,E,6,GTCACAGT,P5-Hamady-nexF_0025,CGTTCCTA,TAGGAACG,P7-Hamady-nexR_0009
ST2_1,F,6,GTCACAGT,P5-Hamady-nexF_0025,AGGAACCA,TGGTTCCT,P7-Hamady-nexR_0036
ST2_1,G,6,GTCACAGT,P5-Hamady-nexF_0025,CCTAGGAT,ATCCTAGG,P7-Hamady-nexR_0017
ST2_1,H,6,GTCACAGT,P5-Hamady-nexF_0025,AACGAACG,CGTTCGTT,P7-Hamady-nexR_0007
ST2_1,A,7,GCTTAAGC,P5-Hamady-nexF_0056,GTGTCTCT,AGAGACAC,P7-Hamady-nexR_0031
ST2_1,B,7,GCTTAAGC,P5-Hamady-nexF_0056,ACCTTGCT,AGCAAGGT,P7-Hamady-nexR_0002
ST2_1,C,7,GCTTAAGC,P5-Hamady-nexF_0056,CAAGCAAG,CTTGCTTG,P7-Hamady-nexR_0014
ST2_1,D,7,GCTTAAGC,P5-Hamady-nexF_0056,TTGCTACC,GGTAGCAA,P7-Hamady-nexR_0003
ST2_1,E,7,CAACTGCA,P5-Hamady-nexF_0074,GTGTCTCT,AGAGACAC,P7-Hamady-nexR_0031
ST2_1,F,7,CAACTGCA,P5-Hamady-nexF_0074,ACCTTGCT,AGCAAGGT,P7-Hamady-nexR_0002
ST2_1,G,7,CAACTGCA,P5-Hamady-nexF_0074,CAAGCAAG,CTTGCTTG,P7-Hamady-nexR_0014
ST2_1,H,7,CAACTGCA,P5-Hamady-nexF_0074,TTGCTACC,GGTAGCAA,P7-Hamady-nexR_0003
ST2_1,A,8,GCTTAAGC,P5-Hamady-nexF_0056,GAGAGAGA,TCTCTCTC,P7-Hamady-nexR_0028
ST2_1,B,8,GCTTAAGC,P5-Hamady-nexF_0056,TTCGTTCG,CGAACGAA,P7-Hamady-nexR_0013
ST2_1,C,8,GCTTAAGC,P5-Hamady-nexF_0056,TGACTGTG,CACAGTCA,P7-Hamady-nexR_0022
ST2_1,D,8,GCTTAAGC,P5-Hamady-nexF_0056,GTAGACCT,AGGTCTAC,P7-Hamady-nexR_0033
ST2_1,E,8,CAACTGCA,P5-Hamady-nexF_0074,GAGAGAGA,TCTCTCTC,P7-Hamady-nexR_0028
ST2_1,F,8,CAACTGCA,P5-Hamady-nexF_0074,TTCGTTCG,CGAACGAA,P7-Hamady-nexR_0013
ST2_1,G,8,CAACTGCA,P5-Hamady-nexF_0074,TGACTGTG,CACAGTCA,P7-Hamady-nexR_0022
ST2_1,H,8,CAACTGCA,P5-Hamady-nexF_0074,GTAGACCT,AGGTCTAC,P7-Hamady-nexR_0033
ST2_1,A,9,GCTTAAGC,P5-Hamady-nexF_0056,ACCAGTAC,GTACTGGT,P7-Hamady-nexR_0020
ST2_1,B,9,GCTTAAGC,P5-Hamady-nexF_0056,TGTCGACA,TGTCGACA,P7-Hamady-nexR_0029
ST2_1,C,9,GCTTAAGC,P5-Hamady-nexF_0056,TCTCACTG,CAGTGAGA,P7-Hamady-nexR_0034
ST2_1,D,9,GCTTAAGC,P5-Hamady-nexF_0056,TTCCATGC,GCATGGAA,P7-Hamady-nexR_0006
ST2_1,E,9,CAACTGCA,P5-Hamady-nexF_0074,ACCAGTAC,GTACTGGT,P7-Hamady-nexR_0020
ST2_1,F,9,CAACTGCA,P5-Hamady-nexF_0074,TGTCGACA,TGTCGACA,P7-Hamady-nexR_0029
ST2_1,G,9,CAACTGCA,P5-Hamady-nexF_0074,TCTCACTG,CAGTGAGA,P7-Hamady-nexR_0034
ST2_1,H,9,CAACTGCA,P5-Hamady-nexF_0074,TTCCATGC,GCATGGAA,P7-Hamady-nexR_0006
ST2_1,A,10,GCTTAAGC,P5-Hamady-nexF_0056,AACGTTGC,GCAACGTT,P7-Hamady-nexR_0035
ST2_1,B,10,GCTTAAGC,P5-Hamady-nexF_0056,ACTCTGTC,GACAGAGT,P7-Hamady-nexR_0016
ST2_1,C,10,GCTTAAGC,P5-Hamady-nexF_0056,TGTGAGAG,CTCTCACA,P7-Hamady-nexR_0018
ST2_1,D,10,GCTTAAGC,P5-Hamady-nexF_0056,GTACCAAC,GTTGGTAC,P7-Hamady-nexR_0008
ST2_1,E,10,CAACTGCA,P5-Hamady-nexF_0074,AACGTTGC,GCAACGTT,P7-Hamady-nexR_0035
ST2_1,F,10,CAACTGCA,P5-Hamady-nexF_0074,ACTCTGTC,GACAGAGT,P7-Hamady-nexR_0016
ST2_1,G,10,CAACTGCA,P5-Hamady-nexF_0074,TGTGAGAG,CTCTCACA,P7-Hamady-nexR_0018
ST2_1,H,10,CAACTGCA,P5-Hamady-nexF_0074,GTACCAAC,GTTGGTAC,P7-Hamady-nexR_0008
ST2_1,A,11,GCTTAAGC,P5-Hamady-nexF_0056,CCGCTTAT,ATAAGCGG,P7-Hamady-nexR_0025
ST2_1,B,11,GCTTAAGC,P5-Hamady-nexF_0056,AGAGACAC,GTGTCTCT,P7-Hamady-nexR_0001
ST2_1,C,11,GCTTAAGC,P5-Hamady-nexF_0056,GAGTACAG,CTGTACTC,P7-Hamady-nexR_0005
ST2_1,D,11,GCTTAAGC,P5-Hamady-nexF_0056,CATGTGCA,TGCACATG,P7-Hamady-nexR_0021
ST2_1,E,11,CAACTGCA,P5-Hamady-nexF_0074,CCGCTTAT,ATAAGCGG,P7-Hamady-nexR_0025
ST2_1,F,11,CAACTGCA,P5-Hamady-nexF_0074,AGAGACAC,GTGTCTCT,P7-Hamady-nexR_0001
ST2_1,G,11,CAACTGCA,P5-Hamady-nexF_0074,GAGTACAG,CTGTACTC,P7-Hamady-nexR_0005
ST2_1,H,11,CAACTGCA,P5-Hamady-nexF_0074,CATGTGCA,TGCACATG,P7-Hamady-nexR_0021
ST2_1,A,12,GCTTAAGC,P5-Hamady-nexF_0056,CGTTCCTA,TAGGAACG,P7-Hamady-nexR_0009
ST2_1,B,12,GCTTAAGC,P5-Hamady-nexF_0056,AGGAACCA,TGGTTCCT,P7-Hamady-nexR_0036
ST2_1,C,12,GCTTAAGC,P5-Hamady-nexF_0056,CCTAGGAT,ATCCTAGG,P7-Hamady-nexR_0017
ST2_1,D,12,GCTTAAGC,P5-Hamady-nexF_0056,AACGAACG,CGTTCGTT,P7-Hamady-nexR_0007
ST2_1,E,12,CAACTGCA,P5-Hamady-nexF_0074,CGTTCCTA,TAGGAACG,P7-Hamady-nexR_0009
ST2_1,F,12,CAACTGCA,P5-Hamady-nexF_0074,AGGAACCA,TGGTTCCT,P7-Hamady-nexR_0036
ST2_1,G,12,CAACTGCA,P5-Hamady-nexF_0074,CCTAGGAT,ATCCTAGG,P7-Hamady-nexR_0017
ST2_1,H,12,CAACTGCA,P5-Hamady-nexF_0074,AACGAACG,CGTTCGTT,P7-Hamady-nexR_0007
ST2_2,A,1,GGCCATAT,P5-Hamady-nexF_0001,GTGTCTCT,AGAGACAC,P7-Hamady-nexR_0031
ST2_2,B,1,GGCCATAT,P5-Hamady-nexF_0001,ACCTTGCT,AGCAAGGT,P7-Hamady-nexR_0002
ST2_2,C,1,GGCCATAT,P5-Hamady-nexF_0001,CAAGCAAG,CTTGCTTG,P7-Hamady-nexR_0014
ST2_2,D,1,GGCCATAT,P5-Hamady-nexF_0001,TTGCTACC,GGTAGCAA,P7-Hamady-nexR_0003
ST2_2,E,1,CTTGTCCA,P5-Hamady-nexF_0037,GTGTCTCT,AGAGACAC,P7-Hamady-nexR_0031
ST2_2,F,1,CTTGTCCA,P5-Hamady-nexF_0037,ACCTTGCT,AGCAAGGT,P7-Hamady-nexR_0002
ST2_2,G,1,CTTGTCCA,P5-Hamady-nexF_0037,CAAGCAAG,CTTGCTTG,P7-Hamady-nexR_0014
ST2_2,H,1,CTTGTCCA,P5-Hamady-nexF_0037,TTGCTACC,GGTAGCAA,P7-Hamady-nexR_0003
ST2_2,A,2,GGCCATAT,P5-Hamady-nexF_0001,GAGAGAGA,TCTCTCTC,P7-Hamady-nexR_0028
ST2_2,B,2,GGCCATAT,P5-Hamady-nexF_0001,TTCGTTCG,CGAACGAA,P7-Hamady-nexR_0013
ST2_2,C,2,GGCCATAT,P5-Hamady-nexF_0001,TGACTGTG,CACAGTCA,P7-Hamady-nexR_0022
ST2_2,D,2,GGCCATAT,P5-Hamady-nexF_0001,GTAGACCT,AGGTCTAC,P7-Hamady-nexR_0033
ST2_2,E,2,CTTGTCCA,P5-Hamady-nexF_0037,GAGAGAGA,TCTCTCTC,P7-Hamady-nexR_0028
ST2_2,F,2,CTTGTCCA,P5-Hamady-nexF_0037,TTCGTTCG,CGAACGAA,P7-Hamady-nexR_0013
ST2_2,G,2,CTTGTCCA,P5-Hamady-nexF_0037,TGACTGTG,CACAGTCA,P7-Hamady-nexR_0022
ST2_2,H,2,CTTGTCCA,P5-Hamady-nexF_0037,GTAGACCT,AGGTCTAC,P7-Hamady-nexR_0033
ST2_2,A,3,GGCCATAT,P5-Hamady-nexF_0001,ACCAGTAC,GTACTGGT,P7-Hamady-nexR_0020
ST2_2,B,3,GGCCATAT,P5-Hamady-nexF_0001,TGTCGACA,TGTCGACA,P7-Hamady-nexR_0029
ST2_2,C,3,GGCCATAT,P5-Hamady-nexF_0001,TCTCACTG,CAGTGAGA,P7-Hamady-nexR_0034
ST2_2,D,3,GGCCATAT,P5-Hamady-nexF_0001,TTCCATGC,GCATGGAA,P7-Hamady-nexR_0006
ST2_2,E,3,CTTGTCCA,P5-Hamady-nexF_0037,ACCAGTAC,GTACTGGT,P7-Hamady-nexR_0020
ST2_2,F,3,CTTGTCCA,P5-Hamady-nexF_0037,TGTCGACA,TGTCGACA,P7-Hamady-nexR_0029
ST2_2,G,3,CTTGTCCA,P5-Hamady-nexF_0037,TCTCACTG,CAGTGAGA,P7-Hamady-nexR_0034
ST2_2,H,3,CTTGTCCA,P5-Hamady-nexF_0037,TTCCATGC,GCATGGAA,P7-Hamady-nexR_0006
ST2_2,A,4,GGCCATAT,P5-Hamady-nexF_0001,AACGTTGC,GCAACGTT,P7-Hamady-nexR_0035
ST2_2,B,4,GGCCATAT,P5-Hamady-nexF_0001,ACTCTGTC,GACAGAGT,P7-Hamady-nexR_0016
ST2_2,C,4,GGCCATAT,P5-Hamady-nexF_0001,TGTGAGAG,CTCTCACA,P7-Hamady-nexR_0018
ST2_2,D,4,GGCCATAT,P5-Hamady-nexF_0001,GTACCAAC,GTTGGTAC,P7-Hamady-nexR_0008
ST2_2,E,4,CTTGTCCA,P5-Hamady-nexF_0037,AACGTTGC,GCAACGTT,P7-Hamady-nexR_0035
ST2_2,F,4,CTTGTCCA,P5-Hamady-nexF_0037,ACTCTGTC,GACAGAGT,P7-Hamady-nexR_0016
ST2_2,G,4,CTTGTCCA,P5-Hamady-nexF_0037,TGTGAGAG,CTCTCACA,P7-Hamady-nexR_0018
ST2_2,H,4,CTTGTCCA,P5-Hamady-nexF_0037,GTACCAAC,GTTGGTAC,P7-Hamady-nexR_0008
ST2_2,A,5,GGCCATAT,P5-Hamady-nexF_0001,CCGCTTAT,ATAAGCGG,P7-Hamady-nexR_0025
ST2_2,B,5,GGCCATAT,P5-Hamady-nexF_0001,AGAGACAC,GTGTCTCT,P7-Hamady-nexR_0001
ST2_2,C,5,GGCCATAT,P5-Hamady-nexF_0001,GAGTACAG,CTGTACTC,P7-Hamady-nexR_0005
ST2_2,D,5,GGCCATAT,P5-Hamady-nexF_0001,CATGTGCA,TGCACATG,P7-Hamady-nexR_0021
ST2_2,E,5,CTTGTCCA,P5-Hamady-nexF_0037,CCGCTTAT,ATAAGCGG,P7-Hamady-nexR_0025
ST2_2,F,5,CTTGTCCA,P5-Hamady-nexF_0037,AGAGACAC,GTGTCTCT,P7-Hamady-nexR_0001
ST2_2,G,5,CTTGTCCA,P5-Hamady-nexF_0037,GAGTACAG,CTGTACTC,P7-Hamady-nexR_0005
ST2_2,H,5,CTTGTCCA,P5-Hamady-nexF_0037,CATGTGCA,TGCACATG,P7-Hamady-nexR_0021
ST2_2,A,6,GGCCATAT,P5-Hamady-nexF_0001,CGTTCCTA,TAGGAACG,P7-Hamady-nexR_0009
ST2_2,B,6,GGCCATAT,P5-Hamady-nexF_0001,AGGAACCA,TGGTTCCT,P7-Hamady-nexR_0036
ST2_2,C,6,GGCCATAT,P5-Hamady-nexF_0001,CCTAGGAT,ATCCTAGG,P7-Hamady-nexR_0017
ST2_2,D,6,GGCCATAT,P5-Hamady-nexF_0001,AACGAACG,CGTTCGTT,P7-Hamady-nexR_0007
ST2_2,E,6,CTTGTCCA,P5-Hamady-nexF_0037,CGTTCCTA,TAGGAACG,P7-Hamady-nexR_0009
ST2_2,F,6,CTTGTCCA,P5-Hamady-nexF_0037,AGGAACCA,TGGTTCCT,P7-Hamady-nexR_0036
ST2_2,G,6,CTTGTCCA,P5-Hamady-nexF_0037,CCTAGGAT,ATCCTAGG,P7-Hamady-nexR_0017
ST2_2,H,6,CTTGTCCA,P5-Hamady-nexF_0037,AACGAACG,CGTTCGTT,P7-Hamady-nexR_0007
ST2_2,A,7,TAGGCGTT,P5-Hamady-nexF_0041,GTGTCTCT,AGAGACAC,P7-Hamady-nexR_0031
ST2_2,B,7,TAGGCGTT,P5-Hamady-nexF_0041,ACCTTGCT,AGCAAGGT,P7-Hamady-nexR_0002
ST2_2,C,7,TAGGCGTT,P5-Hamady-nexF_0041,CAAGCAAG,CTTGCTTG,P7-Hamady-nexR_0014
ST2_2,D,7,TAGGCGTT,P5-Hamady-nexF_0041,TTGCTACC,GGTAGCAA,P7-Hamady-nexR_0003
ST2_2,E,7,ACGAGAAC,P5-Hamady-nexF_0079,GTGTCTCT,AGAGACAC,P7-Hamady-nexR_0031
ST2_2,F,7,ACGAGAAC,P5-Hamady-nexF_0079,ACCTTGCT,AGCAAGGT,P7-Hamady-nexR_0002
ST2_2,G,7,ACGAGAAC,P5-Hamady-nexF_0079,CAAGCAAG,CTTGCTTG,P7-Hamady-nexR_0014
ST2_2,H,7,ACGAGAAC,P5-Hamady-nexF_0079,TTGCTACC,GGTAGCAA,P7-Hamady-nexR_0003
ST2_2,A,8,TAGGCGTT,P5-Hamady-nexF_0041,GAGAGAGA,TCTCTCTC,P7-Hamady-nexR_0028
ST2_2,B,8,TAGGCGTT,P5-Hamady-nexF_0041,TTCGTTCG,CGAACGAA,P7-Hamady-nexR_0013
ST2_2,C,8,TAGGCGTT,P5-Hamady-nexF_0041,TGACTGTG,CACAGTCA,P7-Hamady-nexR_0022
ST2_2,D,8,TAGGCGTT,P5-Hamady-nexF_0041,GTAGACCT,AGGTCTAC,P7-Hamady-nexR_0033
ST2_2,E,8,ACGAGAAC,P5-Hamady-nexF_0079,GAGAGAGA,TCTCTCTC,P7-Hamady-nexR_0028
ST2_2,F,8,ACGAGAAC,P5-Hamady-nexF_0079,TTCGTTCG,CGAACGAA,P7-Hamady-nexR_0013
ST2_2,G,8,ACGAGAAC,P5-Hamady-nexF_0079,TGACTGTG,CACAGTCA,P7-Hamady-nexR_0022
ST2_2,H,8,ACGAGAAC,P5-Hamady-nexF_0079,GTAGACCT,AGGTCTAC,P7-Hamady-nexR_0033
ST2_2,A,9,TAGGCGTT,P5-Hamady-nexF_0041,ACCAGTAC,GTACTGGT,P7-Hamady-nexR_0020
ST2_2,B,9,TAGGCGTT,P5-Hamady-nexF_0041,TGTCGACA,TGTCGACA,P7-Hamady-nexR_0029
ST2_2,C,9,TAGGCGTT,P5-Hamady-nexF_0041,TCTCACTG,CAGTGAGA,P7-Hamady-nexR_0034
ST2_2,D,9,TAGGCGTT,P5-Hamady-nexF_0041,TTCCATGC,GCATGGAA,P7-Hamady-nexR_0006
ST2_2,E,9,ACGAGAAC,P5-Hamady-nexF_0079,ACCAGTAC,GTACTGGT,P7-Hamady-nexR_0020
ST2_2,F,9,ACGAGAAC,P5-Hamady-nexF_0079,TGTCGACA,TGTCGACA,P7-Hamady-nexR_0029
ST2_2,G,9,ACGAGAAC,P5-Hamady-nexF_0079,TCTCACTG,CAGTGAGA,P7-Hamady-nexR_0034
ST2_2,H,9,ACGAGAAC,P5-Hamady-nexF_0079,TTCCATGC,GCATGGAA,P7-Hamady-nexR_0006
ST2_2,A,10,TAGGCGTT,P5-Hamady-nexF_0041,AACGTTGC,GCAACGTT,P7-Hamady-nexR_0035
ST2_2,B,10,TAGGCGTT,P5-Hamady-nexF_0041,ACTCTGTC,GACAGAGT,P7-Hamady-nexR_0016
ST2_2,C,10,TAGGCGTT,P5-Hamady-nexF_0041,TGTGAGAG,CTCTCACA,P7-Hamady-nexR_0018
ST2_2,D,10,TAGGCGTT,P5-Hamady-nexF_0041,GTACCAAC,GTTGGTAC,P7-Hamady-nexR_0008
ST2_2,E,10,ACGAGAAC,P5-Hamady-nexF_0079,AACGTTGC,GCAACGTT,P7-Hamady-nexR_0035
ST2_2,F,10,ACGAGAAC,P5-Hamady-nexF_0079,ACTCTGTC,GACAGAGT,P7-Hamady-nexR_0016
ST2_2,G,10,ACGAGAAC,P5-Hamady-nexF_0079,TGTGAGAG,CTCTCACA,P7-Hamady-nexR_0018
ST2_2,H,10,ACGAGAAC,P5-Hamady-nexF_0079,GTACCAAC,GTTGGTAC,P7-Hamady-nexR_0008
ST2_2,A,11,TAGGCGTT,P5-Hamady-nexF_0041,CCGCTTAT,ATAAGCGG,P7-Hamady-nexR_0025
ST2_2,B,11,TAGGCGTT,P5-Hamady-nexF_0041,AGAGACAC,GTGTCTCT,P7-Hamady-nexR_0001
ST2_2,C,11,TAGGCGTT,P5-Hamady-nexF_0041,GAGTACAG,CTGTACTC,P7-Hamady-nexR_0005
ST2_2,D,11,TAGGCGTT,P5-Hamady-nexF_0041,CATGTGCA,TGCACATG,P7-Hamady-nexR_0021
ST2_2,E,11,ACGAGAAC,P5-Hamady-nexF_0079,CCGCTTAT,ATAAGCGG,P7-Hamady-nexR_0025
ST2_2,F,11,ACGAGAAC,P5-Hamady-nexF_0079,AGAGACAC,GTGTCTCT,P7-Hamady-nexR_0001
ST2_2,G,11,ACGAGAAC,P5-Hamady-nexF_0079,GAGTACAG,CTGTACTC,P7-Hamady-nexR_0005
ST2_2,H,11,ACGAGAAC,P5-Hamady-nexF_0079,CATGTGCA,TGCACATG,P7-Hamady-nexR_0021
ST2_2,A,12,TAGGCGTT,P5-Hamady-nexF_0041,CGTTCCTA,TAGGAACG,P7-Hamady-nexR_0009
ST2_2,B,12,TAGGCGTT,P5-Hamady-nexF_0041,AGGAACCA,TGGTTCCT,P7-Hamady-nexR_0036
ST2_2,C,12,TAGGCGTT,P5-Hamady-nexF_0041,CCTAGGAT,ATCCTAGG,P7-Hamady-nexR_0017
ST2_2,D,12,TAGGCGTT,P5-Hamady-nexF_0041,AACGAACG,CGTTCGTT,P7-Hamady-nexR_0007
ST2_2,E,12,ACGAGAAC,P5-Hamady-nexF_0079,CGTTCCTA,TAGGAACG,P7-Hamady-nexR_0009
ST2_2,F,12,ACGAGAAC,P5-Hamady-nexF_0079,AGGAACCA,TGGTTCCT,P7-Hamady-nexR_0036
ST2_2,G,12,ACGAGAAC,P5-Hamady-nexF_0079,CCTAGGAT,ATCCTAGG,P7-Hamady-nexR_0017
ST2_2,H,12,ACGAGAAC,P5-Hamady-nexF_0079,AACGAACG,CGTTCGTT,P7-Hamady-nexR_0007
ST2_3,A,1,TTCGATGG,P5-Hamady-nexF_0002,GTGTCTCT,AGAGACAC,P7-Hamady-nexR_0031
ST2_3,B,1,TTCGATGG,P5-Hamady-nexF_0002,ACCTTGCT,AGCAAGGT,P7-Hamady-nexR_0002
ST2_3,C,1,TTCGATGG,P5-Hamady-nexF_0002,CAAGCAAG,CTTGCTTG,P7-Hamady-nexR_0014
ST2_3,D,1,TTCGATGG,P5-Hamady-nexF_0002,TTGCTACC,GGTAGCAA,P7-Hamady-nexR_0003
ST2_3,E,1,AGTCCACA,P5-Hamady-nexF_0077,GTGTCTCT,AGAGACAC,P7-Hamady-nexR_0031
ST2_3,F,1,AGTCCACA,P5-Hamady-nexF_0077,ACCTTGCT,AGCAAGGT,P7-Hamady-nexR_0002
ST2_3,G,1,AGTCCACA,P5-Hamady-nexF_0077,CAAGCAAG,CTTGCTTG,P7-Hamady-nexR_0014
ST2_3,H,1,AGTCCACA,P5-Hamady-nexF_0077,TTGCTACC,GGTAGCAA,P7-Hamady-nexR_0003
ST2_3,A,2,TTCGATGG,P5-Hamady-nexF_0002,GAGAGAGA,TCTCTCTC,P7-Hamady-nexR_0028
ST2_3,B,2,TTCGATGG,P5-Hamady-nexF_0002,TTCGTTCG,CGAACGAA,P7-Hamady-nexR_0013
ST2_3,C,2,TTCGATGG,P5-Hamady-nexF_0002,TGACTGTG,CACAGTCA,P7-Hamady-nexR_0022
ST2_3,D,2,TTCGATGG,P5-Hamady-nexF_0002,GTAGACCT,AGGTCTAC,P7-Hamady-nexR_0033
ST2_3,E,2,AGTCCACA,P5-Hamady-nexF_0077,GAGAGAGA,TCTCTCTC,P7-Hamady-nexR_0028
ST2_3,F,2,AGTCCACA,P5-Hamady-nexF_0077,TTCGTTCG,CGAACGAA,P7-Hamady-nexR_0013
ST2_3,G,2,AGTCCACA,P5-Hamady-nexF_0077,TGACTGTG,CACAGTCA,P7-Hamady-nexR_0022
ST2_3,H,2,AGTCCACA,P5-Hamady-nexF_0077,GTAGACCT,AGGTCTAC,P7-Hamady-nexR_0033
ST2_3,A,3,TTCGATGG,P5-Hamady-nexF_0002,ACCAGTAC,GTACTGGT,P7-Hamady-nexR_0020
ST2_3,B,3,TTCGATGG,P5-Hamady-nexF_0002,TGTCGACA,TGTCGACA,P7-Hamady-nexR_0029
ST2_3,C,3,TTCGATGG,P5-Hamady-nexF_0002,TCTCACTG,CAGTGAGA,P7-Hamady-nexR_0034
ST2_3,D,3,TTCGATGG,P5-Hamady-nexF_0002,TTCCATGC,GCATGGAA,P7-Hamady-nexR_0006
ST2_3,E,3,AGTCCACA,P5-Hamady-nexF_0077,ACCAGTAC,GTACTGGT,P7-Hamady-nexR_0020
ST2_3,F,3,AGTCCACA,P5-Hamady-nexF_0077,TGTCGACA,TGTCGACA,P7-Hamady-nexR_0029
ST2_3,G,3,AGTCCACA,P5-Hamady-nexF_0077,TCTCACTG,CAGTGAGA,P7-Hamady-nexR_0034
ST2_3,H,3,AGTCCACA,P5-Hamady-nexF_0077,TTCCATGC,GCATGGAA,P7-Hamady-nexR_0006
ST2_3,A,4,TTCGATGG,P5-Hamady-nexF_0002,AACGTTGC,GCAACGTT,P7-Hamady-nexR_0035
ST2_3,B,4,TTCGATGG,P5-Hamady-nexF_0002,ACTCTGTC,GACAGAGT,P7-Hamady-nexR_0016
ST2_3,C,4,TTCGATGG,P5-Hamady-nexF_0002,TGTGAGAG,CTCTCACA,P7-Hamady-nexR_0018
ST2_3,D,4,TTCGATGG,P5-Hamady-nexF_0002,GTACCAAC,GTTGGTAC,P7-Hamady-nexR_0008
ST2_3,E,4,AGTCCACA,P5-Hamady-nexF_0077,AACGTTGC,GCAACGTT,P7-Hamady-nexR_0035
ST2_3,F,4,AGTCCACA,P5-Hamady-nexF_0077,ACTCTGTC,GACAGAGT,P7-Hamady-nexR_0016
ST2_3,G,4,AGTCCACA,P5-Hamady-nexF_0077,TGTGAGAG,CTCTCACA,P7-Hamady-nexR_0018
ST2_3,H,4,AGTCCACA,P5-Hamady-nexF_0077,GTACCAAC,GTTGGTAC,P7-Hamady-nexR_0008
ST2_3,A,5,TTCGATGG,P5-Hamady-nexF_0002,CCGCTTAT,ATAAGCGG,P7-Hamady-nexR_0025
ST2_3,B,5,TTCGATGG,P5-Hamady-nexF_0002,AGAGACAC,GTGTCTCT,P7-Hamady-nexR_0001
ST2_3,C,5,TTCGATGG,P5-Hamady-nexF_0002,GAGTACAG,CTGTACTC,P7-Hamady-nexR_0005
ST2_3,D,5,TTCGATGG,P5-Hamady-nexF_0002,CATGTGCA,TGCACATG,P7-Hamady-nexR_0021
ST2_3,E,5,AGTCCACA,P5-Hamady-nexF_0077,CCGCTTAT,ATAAGCGG,P7-Hamady-nexR_0025
ST2_3,F,5,AGTCCACA,P5-Hamady-nexF_0077,AGAGACAC,GTGTCTCT,P7-Hamady-nexR_0001
ST2_3,G,5,AGTCCACA,P5-Hamady-nexF_0077,GAGTACAG,CTGTACTC,P7-Hamady-nexR_0005
ST2_3,H,5,AGTCCACA,P5-Hamady-nexF_0077,CATGTGCA,TGCACATG,P7-Hamady-nexR_0021
ST2_3,A,6,TTCGATGG,P5-Hamady-nexF_0002,CGTTCCTA,TAGGAACG,P7-Hamady-nexR_0009
ST2_3,B,6,TTCGATGG,P5-Hamady-nexF_0002,AGGAACCA,TGGTTCCT,P7-Hamady-nexR_0036
ST2_3,C,6,TTCGATGG,P5-Hamady-nexF_0002,CCTAGGAT,ATCCTAGG,P7-Hamady-nexR_0017
ST2_3,D,6,TTCGATGG,P5-Hamady-nexF_0002,AACGAACG,CGTTCGTT,P7-Hamady-nexR_0007
ST2_3,E,6,AGTCCACA,P5-Hamady-nexF_0077,CGTTCCTA,TAGGAACG,P7-Hamady-nexR_0009
ST2_3,F,6,AGTCCACA,P5-Hamady-nexF_0077,AGGAACCA,TGGTTCCT,P7-Hamady-nexR_0036
ST2_3,G,6,AGTCCACA,P5-Hamady-nexF_0077,CCTAGGAT,ATCCTAGG,P7-Hamady-nexR_0017
ST2_3,H,6,AGTCCACA,P5-Hamady-nexF_0077,AACGAACG,CGTTCGTT,P7-Hamady-nexR_0007
ST2_3,A,7,GCATCGAT,P5-Hamady-nexF_0032,GTGTCTCT,AGAGACAC,P7-Hamady-nexR_0031
ST2_3,B,7,GCATCGAT,P5-Hamady-nexF_0032,ACCTTGCT,AGCAAGGT,P7-Hamady-nexR_0002
ST2_3,C,7,GCATCGAT,P5-Hamady-nexF_0032,CAAGCAAG,CTTGCTTG,P7-Hamady-nexR_0014
ST2_3,D,7,GCATCGAT,P5-Hamady-nexF_0032,TTGCTACC,GGTAGCAA,P7-Hamady-nexR_0003
ST2_3,E,7,CTGATCTC,P5-Hamady-nexF_0082,GTGTCTCT,AGAGACAC,P7-Hamady-nexR_0031
ST2_3,F,7,CTGATCTC,P5-Hamady-nexF_0082,ACCTTGCT,AGCAAGGT,P7-Hamady-nexR_0002
ST2_3,G,7,CTGATCTC,P5-Hamady-nexF_0082,CAAGCAAG,CTTGCTTG,P7-Hamady-nexR_0014
ST2_3,H,7,CTGATCTC,P5-Hamady-nexF_0082,TTGCTACC,GGTAGCAA,P7-Hamady-nexR_0003
ST2_3,A,8,GCATCGAT,P5-Hamady-nexF_0032,GAGAGAGA,TCTCTCTC,P7-Hamady-nexR_0028
ST2_3,B,8,GCATCGAT,P5-Hamady-nexF_0032,TTCGTTCG,CGAACGAA,P7-Hamady-nexR_0013
ST2_3,C,8,GCATCGAT,P5-Hamady-nexF_0032,TGACTGTG,CACAGTCA,P7-Hamady-nexR_0022
ST2_3,D,8,GCATCGAT,P5-Hamady-nexF_0032,GTAGACCT,AGGTCTAC,P7-Hamady-nexR_0033
ST2_3,E,8,CTGATCTC,P5-Hamady-nexF_0082,GAGAGAGA,TCTCTCTC,P7-Hamady-nexR_0028
ST2_3,F,8,CTGATCTC,P5-Hamady-nexF_0082,TTCGTTCG,CGAACGAA,P7-Hamady-nexR_0013
ST2_3,G,8,CTGATCTC,P5-Hamady-nexF_0082,TGACTGTG,CACAGTCA,P7-Hamady-nexR_0022
ST2_3,H,8,CTGATCTC,P5-Hamady-nexF_0082,GTAGACCT,AGGTCTAC,P7-Hamady-nexR_0033
ST2_3,A,9,GCATCGAT,P5-Hamady-nexF_0032,ACCAGTAC,GTACTGGT,P7-Hamady-nexR_0020
ST2_3,B,9,GCATCGAT,P5-Hamady-nexF_0032,TGTCGACA,TGTCGACA,P7-Hamady-nexR_0029
ST2_3,C,9,GCATCGAT,P5-Hamady-nexF_0032,TCTCACTG,CAGTGAGA,P7-Hamady-nexR_0034
ST2_3,D,9,GCATCGAT,P5-Hamady-nexF_0032,TTCCATGC,GCATGGAA,P7-Hamady-nexR_0006
ST2_3,E,9,CTGATCTC,P5-Hamady-nexF_0082,ACCAGTAC,GTACTGGT,P7-Hamady-nexR_0020
ST2_3,F,9,CTGATCTC,P5-Hamady-nexF_0082,TGTCGACA,TGTCGACA,P7-Hamady-nexR_0029
ST2_3,G,9,CTGATCTC,P5-Hamady-nexF_0082,TCTCACTG,CAGTGAGA,P7-Hamady-nexR_0034
ST2_3,H,9,CTGATCTC,P5-Hamady-nexF_0082,TTCCATGC,GCATGGAA,P7-Hamady-nexR_0006
ST2_3,A,10,GCATCGAT,P5-Hamady-nexF_0032,AACGTTGC,GCAACGTT,P7-Hamady-nexR_0035
ST2_3,B,10,GCATCGAT,P5-Hamady-nexF_0032,ACTCTGTC,GACAGAGT,P7-Hamady-nexR_0016
ST2_3,C,10,GCATCGAT,P5-Hamady-nexF_0032,TGTGAGAG,CTCTCACA,P7-Hamady-nexR_0018
ST2_3,D,10,GCATCGAT,P5-Hamady-nexF_0032,GTACCAAC,GTTGGTAC,P7-Hamady-nexR_0008
ST2_3,E,10,CTGATCTC,P5-Hamady-nexF_0082,AACGTTGC,GCAACGTT,P7-Hamady-nexR_0035
ST2_3,F,10,CTGATCTC,P5-Hamady-nexF_0082,ACTCTGTC,GACAGAGT,P7-Hamady-nexR_0016
ST2_3,G,10,CTGATCTC,P5-Hamady-nexF_0082,TGTGAGAG,CTCTCACA,P7-Hamady-nexR_0018
ST2_3,H,10,CTGATCTC,P5-Hamady-nexF_0082,GTACCAAC,GTTGGTAC,P7-Hamady-nexR_0008
ST2_3,A,11,GCATCGAT,P5-Hamady-nexF_0032,CCGCTTAT,ATAAGCGG,P7-Hamady-nexR_0025
ST2_3,B,11,GCATCGAT,P5-Hamady-nexF_0032,AGAGACAC,GTGTCTCT,P7-Hamady-nexR_0001
ST2_3,C,11,GCATCGAT,P5-Hamady-nexF_0032,GAGTACAG,CTGTACTC,P7-Hamady-nexR_0005
ST2_3,D,11,GCATCGAT,P5-Hamady-nexF_0032,CATGTGCA,TGCACATG,P7-Hamady-nexR_0021
ST2_3,E,11,CTGATCTC,P5-Hamady-nexF_0082,CCGCTTAT,ATAAGCGG,P7-Hamady-nexR_0025
ST2_3,F,11,CTGATCTC,P5-Hamady-nexF_0082,AGAGACAC,GTGTCTCT,P7-Hamady-nexR_0001
ST2_3,G,11,CTGATCTC,P5-Hamady-nexF_0082,GAGTACAG,CTGTACTC,P7-Hamady-nexR_0005
ST2_3,H,11,CTGATCTC,P5-Hamady-nexF_0082,CATGTGCA,TGCACATG,P7-Hamady-nexR_0021
ST2_3,A,12,GCATCGAT,P5-Hamady-nexF_0032,CGTTCCTA,TAGGAACG,P7-Hamady-nexR_0009
ST2_3,B,12,GCATCGAT,P5-Hamady-nexF_0032,AGGAACCA,TGGTTCCT,P7-Hamady-nexR_0036
ST2_3,C,12,GCATCGAT,P5-Hamady-nexF_0032,CCTAGGAT,ATCCTAGG,P7-Hamady-nexR_0017
ST2_3,D,12,GCATCGAT,P5-Hamady-nexF_0032,AACGAACG,CGTTCGTT,P7-Hamady-nexR_0007
ST2_3,E,12,CTGATCTC,P5-Hamady-nexF_0082,CGTTCCTA,TAGGAACG,P7-Hamady-nexR_0009
ST2_3,F,12,CTGATCTC,P5-Hamady-nexF_0082,AGGAACCA,TGGTTCCT,P7-Hamady-nexR_0036
ST2_3,G,12,CTGATCTC,P5-Hamady-nexF_0082,CCTAGGAT,ATCCTAGG,P7-Hamady-nexR_0017
ST2_3,H,12,CTGATCTC,P5-Hamady-nexF_0082,AACGAACG,CGTTCGTT,P7-Hamady-nexR_0007
ST2_4,A,1,AGAGCAGT,P5-Hamady-nexF_0005,GTGTCTCT,AGAGACAC,P7-Hamady-nexR_0031
ST2_4,B,1,AGAGCAGT,P5-Hamady-nexF_0005,ACCTTGCT,AGCAAGGT,P7-Hamady-nexR_0002
ST2_4,C,1,AGAGCAGT,P5-Hamady-nexF_0005,CAAGCAAG,CTTGCTTG,P7-Hamady-nexR_0014
ST2_4,D,1,AGAGCAGT,P5-Hamady-nexF_0005,TTGCTACC,GGTAGCAA,P7-Hamady-nexR_0003
ST2_4,E,1,AACCTTCC,P5-Hamady-nexF_0016,GTGTCTCT,AGAGACAC,P7-Hamady-nexR_0031
ST2_4,F,1,AACCTTCC,P5-Hamady-nexF_0016,ACCTTGCT,AGCAAGGT,P7-Hamady-nexR_0002
ST2_4,G,1,AACCTTCC,P5-Hamady-nexF_0016,CAAGCAAG,CTTGCTTG,P7-Hamady-nexR_0014
ST2_4,H,1,AACCTTCC,P5-Hamady-nexF_0016,TTGCTACC,GGTAGCAA,P7-Hamady-nexR_0003
ST2_4,A,2,AGAGCAGT,P5-Hamady-nexF_0005,GAGAGAGA,TCTCTCTC,P7-Hamady-nexR_0028
ST2_4,B,2,AGAGCAGT,P5-Hamady-nexF_0005,TTCGTTCG,CGAACGAA,P7-Hamady-nexR_0013
ST2_4,C,2,AGAGCAGT,P5-Hamady-nexF_0005,TGACTGTG,CACAGTCA,P7-Hamady-nexR_0022
ST2_4,D,2,AGAGCAGT,P5-Hamady-nexF_0005,GTAGACCT,AGGTCTAC,P7-Hamady-nexR_0033
ST2_4,E,2,AACCTTCC,P5-Hamady-nexF_0016,GAGAGAGA,TCTCTCTC,P7-Hamady-nexR_0028
ST2_4,F,2,AACCTTCC,P5-Hamady-nexF_0016,TTCGTTCG,CGAACGAA,P7-Hamady-nexR_0013
ST2_4,G,2,AACCTTCC,P5-Hamady-nexF_0016,TGACTGTG,CACAGTCA,P7-Hamady-nexR_0022
ST2_4,H,2,AACCTTCC,P5-Hamady-nexF_0016,GTAGACCT,AGGTCTAC,P7-Hamady-nexR_0033
ST2_4,A,3,AGAGCAGT,P5-Hamady-nexF_0005,ACCAGTAC,GTACTGGT,P7-Hamady-nexR_0020
ST2_4,B,3,AGAGCAGT,P5-Hamady-nexF_0005,TGTCGACA,TGTCGACA,P7-Hamady-nexR_0029
ST2_4,C,3,AGAGCAGT,P5-Hamady-nexF_0005,TCTCACTG,CAGTGAGA,P7-Hamady-nexR_0034
ST2_4,D,3,AGAGCAGT,P5-Hamady-nexF_0005,TTCCATGC,GCATGGAA,P7-Hamady-nexR_0006
ST2_4,E,3,AACCTTCC,P5-Hamady-nexF_0016,ACCAGTAC,GTACTGGT,P7-Hamady-nexR_0020
ST2_4,F,3,AACCTTCC,P5-Hamady-nexF_0016,TGTCGACA,TGTCGACA,P7-Hamady-nexR_0029
ST2_4,G,3,AACCTTCC,P5-Hamady-nexF_0016,TCTCACTG,CAGTGAGA,P7-Hamady-nexR_0034
ST2_4,H,3,AACCTTCC,P5-Hamady-nexF_0016,TTCCATGC,GCATGGAA,P7-Hamady-nexR_0006
ST2_4,A,4,AGAGCAGT,P5-Hamady-nexF_0005,AACGTTGC,GCAACGTT,P7-Hamady-nexR_0035
ST2_4,B,4,AGAGCAGT,P5-Hamady-nexF_0005,ACTCTGTC,GACAGAGT,P7-Hamady-nexR_0016
ST2_4,C,4,AGAGCAGT,P5-Hamady-nexF_0005,TGTGAGAG,CTCTCACA,P7-Hamady-nexR_0018
ST2_4,D,4,AGAGCAGT,P5-Hamady-nexF_0005,GTACCAAC,GTTGGTAC,P7-Hamady-nexR_0008
ST2_4,E,4,AACCTTCC,P5-Hamady-nexF_0016,AACGTTGC,GCAACGTT,P7-Hamady-nexR_0035
ST2_4,F,4,AACCTTCC,P5-Hamady-nexF_0016,ACTCTGTC,GACAGAGT,P7-Hamady-nexR_0016
ST2_4,G,4,AACCTTCC,P5-Hamady-nexF_0016,TGTGAGAG,CTCTCACA,P7-Hamady-nexR_0018
ST2_4,H,4,AACCTTCC,P5-Hamady-nexF_0016,GTACCAAC,GTTGGTAC,P7-Hamady-nexR_0008
ST2_4,A,5,AGAGCAGT,P5-Hamady-nexF_0005,CCGCTTAT,ATAAGCGG,P7-Hamady-nexR_0025
ST2_4,B,5,AGAGCAGT,P5-Hamady-nexF_0005,AGAGACAC,GTGTCTCT,P7-Hamady-nexR_0001
ST2_4,C,5,AGAGCAGT,P5-Hamady-nexF_0005,GAGTACAG,CTGTACTC,P7-Hamady-nexR_0005
ST2_4,D,5,AGAGCAGT,P5-Hamady-nexF_0005,CATGTGCA,TGCACATG,P7-Hamady-nexR_0021
ST2_4,E,5,AACCTTCC,P5-Hamady-nexF_0016,CCGCTTAT,ATAAGCGG,P7-Hamady-nexR_0025
ST2_4,F,5,AACCTTCC,P5-Hamady-nexF_0016,AGAGACAC,GTGTCTCT,P7-Hamady-nexR_0001
ST2_4,G,5,AACCTTCC,P5-Hamady-nexF_0016,GAGTACAG,CTGTACTC,P7-Hamady-nexR_0005
ST2_4,H,5,AACCTTCC,P5-Hamady-nexF_0016,CATGTGCA,TGCACATG,P7-Hamady-nexR_0021
ST2_4,A,6,AGAGCAGT,P5-Hamady-nexF_0005,CGTTCCTA,TAGGAACG,P7-Hamady-nexR_0009
ST2_4,B,6,AGAGCAGT,P5-Hamady-nexF_0005,AGGAACCA,TGGTTCCT,P7-Hamady-nexR_0036
ST2_4,C,6,AGAGCAGT,P5-Hamady-nexF_0005,CCTAGGAT,ATCCTAGG,P7-Hamady-nexR_0017
ST2_4,D,6,AGAGCAGT,P5-Hamady-nexF_0005,AACGAACG,CGTTCGTT,P7-Hamady-nexR_0007
ST2_4,E,6,AACCTTCC,P5-Hamady-nexF_0016,CGTTCCTA,TAGGAACG,P7-Hamady-nexR_0009
ST2_4,F,6,AACCTTCC,P5-Hamady-nexF_0016,AGGAACCA,TGGTTCCT,P7-Hamady-nexR_0036
ST2_4,G,6,AACCTTCC,P5-Hamady-nexF_0016,CCTAGGAT,ATCCTAGG,P7-Hamady-nexR_0017
ST2_4,H,6,AACCTTCC,P5-Hamady-nexF_0016,AACGAACG,CGTTCGTT,P7-Hamady-nexR_0007
ST2_4,A,7,GTGTACTG,P5-Hamady-nexF_0047,GTGTCTCT,AGAGACAC,P7-Hamady-nexR_0031
ST2_4,B,7,GTGTACTG,P5-Hamady-nexF_0047,ACCTTGCT,AGCAAGGT,P7-Hamady-nexR_0002
ST2_4,C,7,GTGTACTG,P5-Hamady-nexF_0047,CAAGCAAG,CTTGCTTG,P7-Hamady-nexR_0014
ST2_4,D,7,GTGTACTG,P5-Hamady-nexF_0047,TTGCTACC,GGTAGCAA,P7-Hamady-nexR_0003
ST2_4,E,7,TCTCAGAG,P5-Hamady-nexF_0072,GTGTCTCT,AGAGACAC,P7-Hamady-nexR_0031
ST2_4,F,7,TCTCAGAG,P5-Hamady-nexF_0072,ACCTTGCT,AGCAAGGT,P7-Hamady-nexR_0002
ST2_4,G,7,TCTCAGAG,P5-Hamady-nexF_0072,CAAGCAAG,CTTGCTTG,P7-Hamady-nexR_0014
ST2_4,H,7,TCTCAGAG,P5-Hamady-nexF_0072,TTGCTACC,GGTAGCAA,P7-Hamady-nexR_0003
ST2_4,A,8,GTGTACTG,P5-Hamady-nexF_0047,GAGAGAGA,TCTCTCTC,P7-Hamady-nexR_0028
ST2_4,B,8,GTGTACTG,P5-Hamady-nexF_0047,TTCGTTCG,CGAACGAA,P7-Hamady-nexR_0013
ST2_4,C,8,GTGTACTG,P5-Hamady-nexF_0047,TGACTGTG,CACAGTCA,P7-Hamady-nexR_0022
ST2_4,D,8,GTGTACTG,P5-Hamady-nexF_0047,GTAGACCT,AGGTCTAC,P7-Hamady-nexR_0033
ST2_4,E,8,TCTCAGAG,P5-Hamady-nexF_0072,GAGAGAGA,TCTCTCTC,P7-Hamady-nexR_0028
ST2_4,F,8,TCTCAGAG,P5-Hamady-nexF_0072,TTCGTTCG,CGAACGAA,P7-Hamady-nexR_0013
ST2_4,G,8,TCTCAGAG,P5-Hamady-nexF_0072,TGACTGTG,CACAGTCA,P7-Hamady-nexR_0022
ST2_4,H,8,TCTCAGAG,P5-Hamady-nexF_0072,GTAGACCT,AGGTCTAC,P7-Hamady-nexR_0033
ST2_4,A,9,GTGTACTG,P5-Hamady-nexF_0047,ACCAGTAC,GTACTGGT,P7-Hamady-nexR_0020
ST2_4,B,9,GTGTACTG,P5-Hamady-nexF_0047,TGTCGACA,TGTCGACA,P7-Hamady-nexR_0029
ST2_4,C,9,GTGTACTG,P5-Hamady-nexF_0047,TCTCACTG,CAGTGAGA,P7-Hamady-nexR_0034
ST2_4,D,9,GTGTACTG,P5-Hamady-nexF_0047,TTCCATGC,GCATGGAA,P7-Hamady-nexR_0006
ST2_4,E,9,TCTCAGAG,P5-Hamady-nexF_0072,ACCAGTAC,GTACTGGT,P7-Hamady-nexR_0020
ST2_4,F,9,TCTCAGAG,P5-Hamady-nexF_0072,TGTCGACA,TGTCGACA,P7-Hamady-nexR_0029
ST2_4,G,9,TCTCAGAG,P5-Hamady-nexF_0072,TCTCACTG,CAGTGAGA,P7-Hamady-nexR_0034
ST2_4,H,9,TCTCAGAG,P5-Hamady-nexF_0072,TTCCATGC,GCATGGAA,P7-Hamady-nexR_0006
ST2_4,A,10,GTGTACTG,P5-Hamady-nexF_0047,AACGTTGC,GCAACGTT,P7-Hamady-nexR_0035
ST2_4,B,10,GTGTACTG,P5-Hamady-nexF_0047,ACTCTGTC,GACAGAGT,P7-Hamady-nexR_0016
ST2_4,C,10,GTGTACTG,P5-Hamady-nexF_0047,TGTGAGAG,CTCTCACA,P7-Hamady-nexR_0018
ST2_4,D,10,GTGTACTG,P5-Hamady-nexF_0047,GTACCAAC,GTTGGTAC,P7-Hamady-nexR_0008
ST2_4,E,10,TCTCAGAG,P5-Hamady-nexF_0072,AACGTTGC,GCAACGTT,P7-Hamady-nexR_0035
ST2_4,F,10,TCTCAGAG,P5-Hamady-nexF_0072,ACTCTGTC,GACAGAGT,P7-Hamady-nexR_0016
ST2_4,G,10,TCTCAGAG,P5-Hamady-nexF_0072,TGTGAGAG,CTCTCACA,P7-Hamady-nexR_0018
ST2_4,H,10,TCTCAGAG,P5-Hamady-nexF_0072,GTACCAAC,GTTGGTAC,P7-Hamady-nexR_0008
ST2_4,A,11,GTGTACTG,P5-Hamady-nexF_0047,CCGCTTAT,ATAAGCGG,P7-Hamady-nexR_0025
ST2_4,B,11,GTGTACTG,P5-Hamady-nexF_0047,AGAGACAC,GTGTCTCT,P7-Hamady-nexR_0001
ST2_4,C,11,GTGTACTG,P5-Hamady-nexF_0047,GAGTACAG,CTGTACTC,P7-Hamady-nexR_0005
ST2_4,D,11,GTGTACTG,P5-Hamady-nexF_0047,CATGTGCA,TGCACATG,P7-Hamady-nexR_0021
ST2_4,E,11,TCTCAGAG,P5-Hamady-nexF_0072,CCGCTTAT,ATAAGCGG,P7-Hamady-nexR_0025
ST2_4,F,11,TCTCAGAG,P5-Hamady-nexF_0072,AGAGACAC,GTGTCTCT,P7-Hamady-nexR_0001
ST2_4,G,11,TCTCAGAG,P5-Hamady-nexF_0072,GAGTACAG,CTGTACTC,P7-Hamady-nexR_0005
ST2_4,H,11,TCTCAGAG,P5-Hamady-nexF_0072,CATGTGCA,TGCACATG,P7-Hamady-nexR_0021
ST2_4,A,12,GTGTACTG,P5-Hamady-nexF_0047,CGTTCCTA,TAGGAACG,P7-Hamady-nexR_0009
ST2_4,B,12,GTGTACTG,P5-Hamady-nexF_0047,AGGAACCA,TGGTTCCT,P7-Hamady-nexR_0036
ST2_4,C,12,GTGTACTG,P5-Hamady-nexF_0047,CCTAGGAT,ATCCTAGG,P7-Hamady-nexR_0017
ST2_4,D,12,GTGTACTG,P5-Hamady-nexF_0047,AACGAACG,CGTTCGTT,P7-Hamady-nexR_0007
ST2_4,E,12,TCTCAGAG,P5-Hamady-nexF_0072,CGTTCCTA,TAGGAACG,P7-Hamady-nexR_0009
ST2_4,F,12,TCTCAGAG,P5-Hamady-nexF_0072,AGGAACCA,TGGTTCCT,P7-Hamady-nexR_0036
ST2_4,G,12,TCTCAGAG,P5-Hamady-nexF_0072,CCTAGGAT,ATCCTAGG,P7-Hamady-nexR_0017
ST2_4,H,12,TCTCAGAG,P5-Hamady-nexF_0072,AACGAACG,CGTTCGTT,P7-Hamady-nexR_0007
ST2_5,A,1,AACCGGTT,P5-Hamady-nexF_0007,GTGTCTCT,AGAGACAC,P7-Hamady-nexR_0031
ST2_5,B,1,AACCGGTT,P5-Hamady-nexF_0007,ACCTTGCT,AGCAAGGT,P7-Hamady-nexR_0002
ST2_5,C,1,AACCGGTT,P5-Hamady-nexF_0007,CAAGCAAG,CTTGCTTG,P7-Hamady-nexR_0014
ST2_5,D,1,AACCGGTT,P5-Hamady-nexF_0007,TTGCTACC,GGTAGCAA,P7-Hamady-nexR_0003
ST2_5,E,1,GATCACCA,P5-Hamady-nexF_0044,GTGTCTCT,AGAGACAC,P7-Hamady-nexR_0031
ST2_5,F,1,GATCACCA,P5-Hamady-nexF_0044,ACCTTGCT,AGCAAGGT,P7-Hamady-nexR_0002
ST2_5,G,1,GATCACCA,P5-Hamady-nexF_0044,CAAGCAAG,CTTGCTTG,P7-Hamady-nexR_0014
ST2_5,H,1,GATCACCA,P5-Hamady-nexF_0044,TTGCTACC,GGTAGCAA,P7-Hamady-nexR_0003
ST2_5,A,2,AACCGGTT,P5-Hamady-nexF_0007,GAGAGAGA,TCTCTCTC,P7-Hamady-nexR_0028
ST2_5,B,2,AACCGGTT,P5-Hamady-nexF_0007,TTCGTTCG,CGAACGAA,P7-Hamady-nexR_0013
ST2_5,C,2,AACCGGTT,P5-Hamady-nexF_0007,TGACTGTG,CACAGTCA,P7-Hamady-nexR_0022
ST2_5,D,2,AACCGGTT,P5-Hamady-nexF_0007,GTAGACCT,AGGTCTAC,P7-Hamady-nexR_0033
ST2_5,E,2,GATCACCA,P5-Hamady-nexF_0044,GAGAGAGA,TCTCTCTC,P7-Hamady-nexR_0028
ST2_5,F,2,GATCACCA,P5-Hamady-nexF_0044,TTCGTTCG,CGAACGAA,P7-Hamady-nexR_0013
ST2_5,G,2,GATCACCA,P5-Hamady-nexF_0044,TGACTGTG,CACAGTCA,P7-Hamady-nexR_0022
ST2_5,H,2,GATCACCA,P5-Hamady-nexF_0044,GTAGACCT,AGGTCTAC,P7-Hamady-nexR_0033
ST2_5,A,3,AACCGGTT,P5-Hamady-nexF_0007,ACCAGTAC,GTACTGGT,P7-Hamady-nexR_0020
ST2_5,B,3,AACCGGTT,P5-Hamady-nexF_0007,TGTCGACA,TGTCGACA,P7-Hamady-nexR_0029
ST2_5,C,3,AACCGGTT,P5-Hamady-nexF_0007,TCTCACTG,CAGTGAGA,P7-Hamady-nexR_0034
ST2_5,D,3,AACCGGTT,P5-Hamady-nexF_0007,TTCCATGC,GCATGGAA,P7-Hamady-nexR_0006
ST2_5,E,3,GATCACCA,P5-Hamady-nexF_0044,ACCAGTAC,GTACTGGT,P7-Hamady-nexR_0020
ST2_5,F,3,GATCACCA,P5-Hamady-nexF_0044,TGTCGACA,TGTCGACA,P7-Hamady-nexR_0029
ST2_5,G,3,GATCACCA,P5-Hamady-nexF_0044,TCTCACTG,CAGTGAGA,P7-Hamady-nexR_0034
ST2_5,H,3,GATCACCA,P5-Hamady-nexF_0044,TTCCATGC,GCATGGAA,P7-Hamady-nexR_0006
ST2_5,A,4,AACCGGTT,P5-Hamady-nexF_0007,AACGTTGC,GCAACGTT,P7-Hamady-nexR_0035
ST2_5,B,4,AACCGGTT,P5-Hamady-nexF_0007,ACTCTGTC,GACAGAGT,P7-Hamady-nexR_0016
ST2_5,C,4,AACCGGTT,P5-Hamady-nexF_0007,TGTGAGAG,CTCTCACA,P7-Hamady-nexR_0018
ST2_5,D,4,AACCGGTT,P5-Hamady-nexF_0007,GTACCAAC,GTTGGTAC,P7-Hamady-nexR_0008
ST2_5,E,4,GATCACCA,P5-Hamady-nexF_0044,AACGTTGC,GCAACGTT,P7-Hamady-nexR_0035
ST2_5,F,4,GATCACCA,P5-Hamady-nexF_0044,ACTCTGTC,GACAGAGT,P7-Hamady-nexR_0016
ST2_5,G,4,GATCACCA,P5-Hamady-nexF_0044,TGTGAGAG,CTCTCACA,P7-Hamady-nexR_0018
ST2_5,H,4,GATCACCA,P5-Hamady-nexF_0044,GTACCAAC,GTTGGTAC,P7-Hamady-nexR_0008
ST2_5,A,5,AACCGGTT,P5-Hamady-nexF_0007,CCGCTTAT,ATAAGCGG,P7-Hamady-nexR_0025
ST2_5,B,5,AACCGGTT,P5-Hamady-nexF_0007,AGAGACAC,GTGTCTCT,P7-Hamady-nexR_0001
ST2_5,C,5,AACCGGTT,P5-Hamady-nexF_0007,GAGTACAG,CTGTACTC,P7-Hamady-nexR_0005
ST2_5,D,5,AACCGGTT,P5-Hamady-nexF_0007,CATGTGCA,TGCACATG,P7-Hamady-nexR_0021
ST2_5,E,5,GATCACCA,P5-Hamady-nexF_0044,CCGCTTAT,ATAAGCGG,P7-Hamady-nexR_0025
ST2_5,F,5,GATCACCA,P5-Hamady-nexF_0044,AGAGACAC,GTGTCTCT,P7-Hamady-nexR_0001
ST2_5,G,5,GATCACCA,P5-Hamady-nexF_0044,GAGTACAG,CTGTACTC,P7-Hamady-nexR_0005
ST2_5,H,5,GATCACCA,P5-Hamady-nexF_0044,CATGTGCA,TGCACATG,P7-Hamady-nexR_0021
ST2_5,A,6,AACCGGTT,P5-Hamady-nexF_0007,CGTTCCTA,TAGGAACG,P7-Hamady-nexR_0009
ST2_5,B,6,AACCGGTT,P5-Hamady-nexF_0007,AGGAACCA,TGGTTCCT,P7-Hamady-nexR_0036
ST2_5,C,6,AACCGGTT,P5-Hamady-nexF_0007,CCTAGGAT,ATCCTAGG,P7-Hamady-nexR_0017
ST2_5,D,6,AACCGGTT,P5-Hamady-nexF_0007,AACGAACG,CGTTCGTT,P7-Hamady-nexR_0007
ST2_5,E,6,GATCACCA,P5-Hamady-nexF_0044,CGTTCCTA,TAGGAACG,P7-Hamady-nexR_0009
ST2_5,F,6,GATCACCA,P5-Hamady-nexF_0044,AGGAACCA,TGGTTCCT,P7-Hamady-nexR_0036
ST2_5,G,6,GATCACCA,P5-Hamady-nexF_0044,CCTAGGAT,ATCCTAGG,P7-Hamady-nexR_0017
ST2_5,H,6,GATCACCA,P5-Hamady-nexF_0044,AACGAACG,CGTTCGTT,P7-Hamady-nexR_0007
ST2_5,A,7,TGGACTAC,P5-Hamady-nexF_0091,GTGTCTCT,AGAGACAC,P7-Hamady-nexR_0031
ST2_5,B,7,TGGACTAC,P5-Hamady-nexF_0091,ACCTTGCT,AGCAAGGT,P7-Hamady-nexR_0002
ST2_5,C,7,TGGACTAC,P5-Hamady-nexF_0091,CAAGCAAG,CTTGCTTG,P7-Hamady-nexR_0014
ST2_5,D,7,TGGACTAC,P5-Hamady-nexF_0091,TTGCTACC,GGTAGCAA,P7-Hamady-nexR_0003
ST2_5,E,7,CCATTAGG,P5-Hamady-nexF_0095,GTGTCTCT,AGAGACAC,P7-Hamady-nexR_0031
ST2_5,F,7,CCATTAGG,P5-Hamady-nexF_0095,ACCTTGCT,AGCAAGGT,P7-Hamady-nexR_0002
ST2_5,G,7,CCATTAGG,P5-Hamady-nexF_0095,CAAGCAAG,CTTGCTTG,P7-Hamady-nexR_0014
ST2_5,H,7,CCATTAGG,P5-Hamady-nexF_0095,TTGCTACC,GGTAGCAA,P7-Hamady-nexR_0003
ST2_5,A,8,TGGACTAC,P5-Hamady-nexF_0091,GAGAGAGA,TCTCTCTC,P7-Hamady-nexR_0028
ST2_5,B,8,TGGACTAC,P5-Hamady-nexF_0091,TTCGTTCG,CGAACGAA,P7-Hamady-nexR_0013
ST2_5,C,8,TGGACTAC,P5-Hamady-nexF_0091,TGACTGTG,CACAGTCA,P7-Hamady-nexR_0022
ST2_5,D,8,TGGACTAC,P5-Hamady-nexF_0091,GTAGACCT,AGGTCTAC,P7-Hamady-nexR_0033
ST2_5,E,8,CCATTAGG,P5-Hamady-nexF_0095,GAGAGAGA,TCTCTCTC,P7-Hamady-nexR_0028
ST2_5,F,8,CCATTAGG,P5-Hamady-nexF_0095,TTCGTTCG,CGAACGAA,P7-Hamady-nexR_0013
ST2_5,G,8,CCATTAGG,P5-Hamady-nexF_0095,TGACTGTG,CACAGTCA,P7-Hamady-nexR_0022
ST2_5,H,8,CCATTAGG,P5-Hamady-nexF_0095,GTAGACCT,AGGTCTAC,P7-Hamady-nexR_0033
ST2_5,A,9,TGGACTAC,P5-Hamady-nexF_0091,ACCAGTAC,GTACTGGT,P7-Hamady-nexR_0020
ST2_5,B,9,TGGACTAC,P5-Hamady-nexF_0091,TGTCGACA,TGTCGACA,P7-Hamady-nexR_0029
ST2_5,C,9,TGGACTAC,P5-Hamady-nexF_0091,TCTCACTG,CAGTGAGA,P7-Hamady-nexR_0034
ST2_5,D,9,TGGACTAC,P5-Hamady-nexF_0091,TTCCATGC,GCATGGAA,P7-Hamady-nexR_0006
ST2_5,E,9,CCATTAGG,P5-Hamady-nexF_0095,ACCAGTAC,GTACTGGT,P7-Hamady-nexR_0020
ST2_5,F,9,CCATTAGG,P5-Hamady-nexF_0095,TGTCGACA,TGTCGACA,P7-Hamady-nexR_0029
ST2_5,G,9,CCATTAGG,P5-Hamady-nexF_0095,TCTCACTG,CAGTGAGA,P7-Hamady-nexR_0034
ST2_5,H,9,CCATTAGG,P5-Hamady-nexF_0095,TTCCATGC,GCATGGAA,P7-Hamady-nexR_0006
ST2_5,A,10,TGGACTAC,P5-Hamady-nexF_0091,AACGTTGC,GCAACGTT,P7-Hamady-nexR_0035
ST2_5,B,10,TGGACTAC,P5-Hamady-nexF_0091,ACTCTGTC,GACAGAGT,P7-Hamady-nexR_0016
ST2_5,C,10,TGGACTAC,P5-Hamady-nexF_0091,TGTGAGAG,CTCTCACA,P7-Hamady-nexR_0018
ST2_5,D,10,TGGACTAC,P5-Hamady-nexF_0091,GTACCAAC,GTTGGTAC,P7-Hamady-nexR_0008
ST2_5,E,10,CCATTAGG,P5-Hamady-nexF_0095,AACGTTGC,GCAACGTT,P7-Hamady-nexR_0035
ST2_5,F,10,CCATTAGG,P5-Hamady-nexF_0095,ACTCTGTC,GACAGAGT,P7-Hamady-nexR_0016
ST2_5,G,10,CCATTAGG,P5-Hamady-nexF_0095,TGTGAGAG,CTCTCACA,P7-Hamady-nexR_0018
ST2_5,H,10,CCATTAGG,P5-Hamady-nexF_0095,GTACCAAC,GTTGGTAC,P7-Hamady-nexR_0008
ST2_5,A,11,TGGACTAC,P5-Hamady-nexF_0091,CCGCTTAT,ATAAGCGG,P7-Hamady-nexR_0025
ST2_5,B,11,TGGACTAC,P5-Hamady-nexF_0091,AGAGACAC,GTGTCTCT,P7-Hamady-nexR_0001
ST2_5,C,11,TGGACTAC,P5-Hamady-nexF_0091,GAGTACAG,CTGTACTC,P7-Hamady-nexR_0005
ST2_5,D,11,TGGACTAC,P5-Hamady-nexF_0091,CATGTGCA,TGCACATG,P7-Hamady-nexR_0021
ST2_5,E,11,CCATTAGG,P5-Hamady-nexF_0095,CCGCTTAT,ATAAGCGG,P7-Hamady-nexR_0025
ST2_5,F,11,CCATTAGG,P5-Hamady-nexF_0095,AGAGACAC,GTGTCTCT,P7-Hamady-nexR_0001
ST2_5,G,11,CCATTAGG,P5-Hamady-nexF_0095,GAGTACAG,CTGTACTC,P7-Hamady-nexR_0005
ST2_5,H,11,CCATTAGG,P5-Hamady-nexF_0095,CATGTGCA,TGCACATG,P7-Hamady-nexR_0021
ST2_5,A,12,TGGACTAC,P5-Hamady-nexF_0091,CGTTCCTA,TAGGAACG,P7-Hamady-nexR_0009
ST2_5,B,12,TGGACTAC,P5-Hamady-nexF_0091,AGGAACCA,TGGTTCCT,P7-Hamady-nexR_0036
ST2_5,C,12,TGGACTAC,P5-Hamady-nexF_0091,CCTAGGAT,ATCCTAGG,P7-Hamady-nexR_0017
ST2_5,D,12,TGGACTAC,P5-Hamady-nexF_0091,AACGAACG,CGTTCGTT,P7-Hamady-nexR_0007
ST2_5,E,12,CCATTAGG,P5-Hamady-nexF_0095,CGTTCCTA,TAGGAACG,P7-Hamady-nexR_0009
ST2_5,F,12,CCATTAGG,P5-Hamady-nexF_0095,AGGAACCA,TGGTTCCT,P7-Hamady-nexR_0036
ST2_5,G,12,CCATTAGG,P5-Hamady-nexF_0095,CCTAGGAT,ATCCTAGG,P7-Hamady-nexR_0017
ST2_5,H,12,CCATTAGG,P5-Hamady-nexF_0095,AACGAACG,CGTTCGTT,P7-Hamady-nexR_0007
ST2_6,A,1,TGGTGAAG,P5-Hamady-nexF_0061,GTGTCTCT,AGAGACAC,P7-Hamady-nexR_0031
ST2_6,B,1,TGGTGAAG,P5-Hamady-nexF_0061,ACCTTGCT,AGCAAGGT,P7-Hamady-nexR_0002
ST2_6,C,1,TGGTGAAG,P5-Hamady-nexF_0061,CAAGCAAG,CTTGCTTG,P7-Hamady-nexR_0014
ST2_6,D,1,TGGTGAAG,P5-Hamady-nexF_0061,TTGCTACC,GGTAGCAA,P7-Hamady-nexR_0003
ST2_6,E,1,ACGATGCT,P5-Hamady-nexF_0058,GTGTCTCT,AGAGACAC,P7-Hamady-nexR_0031
ST2_6,F,1,ACGATGCT,P5-Hamady-nexF_0058,ACCTTGCT,AGCAAGGT,P7-Hamady-nexR_0002
ST2_6,G,1,ACGATGCT,P5-Hamady-nexF_0058,CAAGCAAG,CTTGCTTG,P7-Hamady-nexR_0014
ST2_6,H,1,ACGATGCT,P5-Hamady-nexF_0058,TTGCTACC,GGTAGCAA,P7-Hamady-nexR_0003
ST2_6,A,2,TGGTGAAG,P5-Hamady-nexF_0061,GAGAGAGA,TCTCTCTC,P7-Hamady-nexR_0028
ST2_6,B,2,TGGTGAAG,P5-Hamady-nexF_0061,TTCGTTCG,CGAACGAA,P7-Hamady-nexR_0013
ST2_6,C,2,TGGTGAAG,P5-Hamady-nexF_0061,TGACTGTG,CACAGTCA,P7-Hamady-nexR_0022
ST2_6,D,2,TGGTGAAG,P5-Hamady-nexF_0061,GTAGACCT,AGGTCTAC,P7-Hamady-nexR_0033
ST2_6,E,2,ACGATGCT,P5-Hamady-nexF_0058,GAGAGAGA,TCTCTCTC,P7-Hamady-nexR_0028
ST2_6,F,2,ACGATGCT,P5-Hamady-nexF_0058,TTCGTTCG,CGAACGAA,P7-Hamady-nexR_0013
ST2_6,G,2,ACGATGCT,P5-Hamady-nexF_0058,TGACTGTG,CACAGTCA,P7-Hamady-nexR_0022
ST2_6,H,2,ACGATGCT,P5-Hamady-nexF_0058,GTAGACCT,AGGTCTAC,P7-Hamady-nexR_0033
ST2_6,A,3,TGGTGAAG,P5-Hamady-nexF_0061,ACCAGTAC,GTACTGGT,P7-Hamady-nexR_0020
ST2_6,B,3,TGGTGAAG,P5-Hamady-nexF_0061,TGTCGACA,TGTCGACA,P7-Hamady-nexR_0029
ST2_6,C,3,TGGTGAAG,P5-Hamady-nexF_0061,TCTCACTG,CAGTGAGA,P7-Hamady-nexR_0034
ST2_6,D,3,TGGTGAAG,P5-Hamady-nexF_0061,TTCCATGC,GCATGGAA,P7-Hamady-nexR_0006
ST2_6,E,3,ACGATGCT,P5-Hamady-nexF_0058,ACCAGTAC,GTACTGGT,P7-Hamady-nexR_0020
ST2_6,F,3,ACGATGCT,P5-Hamady-nexF_0058,TGTCGACA,TGTCGACA,P7-Hamady-nexR_0029
ST2_6,G,3,ACGATGCT,P5-Hamady-nexF_0058,TCTCACTG,CAGTGAGA,P7-Hamady-nexR_0034
ST2_6,H,3,ACGATGCT,P5-Hamady-nexF_0058,TTCCATGC,GCATGGAA,P7-Hamady-nexR_0006
ST2_6,A,4,TGGTGAAG,P5-Hamady-nexF_0061,AACGTTGC,GCAACGTT,P7-Hamady-nexR_0035
ST2_6,B,4,TGGTGAAG,P5-Hamady-nexF_0061,ACTCTGTC,GACAGAGT,P7-Hamady-nexR_0016
ST2_6,C,4,TGGTGAAG,P5-Hamady-nexF_0061,TGTGAGAG,CTCTCACA,P7-Hamady-nexR_0018
ST2_6,D,4,TGGTGAAG,P5-Hamady-nexF_0061,GTACCAAC,GTTGGTAC,P7-Hamady-nexR_0008
ST2_6,E,4,ACGATGCT,P5-Hamady-nexF_0058,AACGTTGC,GCAACGTT,P7-Hamady-nexR_0035
ST2_6,F,4,ACGATGCT,P5-Hamady-nexF_0058,ACTCTGTC,GACAGAGT,P7-Hamady-nexR_0016
ST2_6,G,4,ACGATGCT,P5-Hamady-nexF_0058,TGTGAGAG,CTCTCACA,P7-Hamady-nexR_0018
ST2_6,H,4,ACGATGCT,P5-Hamady-nexF_0058,GTACCAAC,GTTGGTAC,P7-Hamady-nexR_0008
ST2_6,A,5,TGGTGAAG,P5-Hamady-nexF_0061,CCGCTTAT,ATAAGCGG,P7-Hamady-nexR_0025
ST2_6,B,5,TGGTGAAG,P5-Hamady-nexF_0061,AGAGACAC,GTGTCTCT,P7-Hamady-nexR_0001
ST2_6,C,5,TGGTGAAG,P5-Hamady-nexF_0061,GAGTACAG,CTGTACTC,P7-Hamady-nexR_0005
ST2_6,D,5,TGGTGAAG,P5-Hamady-nexF_0061,CATGTGCA,TGCACATG,P7-Hamady-nexR_0021
ST2_6,E,5,ACGATGCT,P5-Hamady-nexF_0058,CCGCTTAT,ATAAGCGG,P7-Hamady-nexR_0025
ST2_6,F,5,ACGATGCT,P5-Hamady-nexF_0058,AGAGACAC,GTGTCTCT,P7-Hamady-nexR_0001
ST2_6,G,5,ACGATGCT,P5-Hamady-nexF_0058,GAGTACAG,CTGTACTC,P7-Hamady-nexR_0005
ST2_6,H,5,ACGATGCT,P5-Hamady-nexF_0058,CATGTGCA,TGCACATG,P7-Hamady-nexR_0021
ST2_6,A,6,TGGTGAAG,P5-Hamady-nexF_0061,CGTTCCTA,TAGGAACG,P7-Hamady-nexR_0009
ST2_6,B,6,TGGTGAAG,P5-Hamady-nexF_0061,AGGAACCA,TGGTTCCT,P7-Hamady-nexR_0036
ST2_6,C,6,TGGTGAAG,P5-Hamady-nexF_0061,CCTAGGAT,ATCCTAGG,P7-Hamady-nexR_0017
ST2_6,D,6,TGGTGAAG,P5-Hamady-nexF_0061,AACGAACG,CGTTCGTT,P7-Hamady-nexR_0007
ST2_6,E,6,ACGATGCT,P5-Hamady-nexF_0058,CGTTCCTA,TAGGAACG,P7-Hamady-nexR_0009
ST2_6,F,6,ACGATGCT,P5-Hamady-nexF_0058,AGGAACCA,TGGTTCCT,P7-Hamady-nexR_0036
ST2_6,G,6,ACGATGCT,P5-Hamady-nexF_0058,CCTAGGAT,ATCCTAGG,P7-Hamady-nexR_0017
ST2_6,H,6,ACGATGCT,P5-Hamady-nexF_0058,AACGAACG,CGTTCGTT,P7-Hamady-nexR_0007
ST2_6,A,7,GACAACTC,P5-Hamady-nexF_0067,GTGTCTCT,AGAGACAC,P7-Hamady-nexR_0031
ST2_6,B,7,GACAACTC,P5-Hamady-nexF_0067,ACCTTGCT,AGCAAGGT,P7-Hamady-nexR_0002
ST2_6,C,7,GACAACTC,P5-Hamady-nexF_0067,CAAGCAAG,CTTGCTTG,P7-Hamady-nexR_0014
ST2_6,D,7,GACAACTC,P5-Hamady-nexF_0067,TTGCTACC,GGTAGCAA,P7-Hamady-nexR_0003
ST2_6,E,7,CGCGATTA,P5-Hamady-nexF_0070,GTGTCTCT,AGAGACAC,P7-Hamady-nexR_0031
ST2_6,F,7,CGCGATTA,P5-Hamady-nexF_0070,ACCTTGCT,AGCAAGGT,P7-Hamady-nexR_0002
ST2_6,G,7,CGCGATTA,P5-Hamady-nexF_0070,CAAGCAAG,CTTGCTTG,P7-Hamady-nexR_0014
ST2_6,H,7,CGCGATTA,P5-Hamady-nexF_0070,TTGCTACC,GGTAGCAA,P7-Hamady-nexR_0003
ST2_6,A,8,GACAACTC,P5-Hamady-nexF_0067,GAGAGAGA,TCTCTCTC,P7-Hamady-nexR_0028
ST2_6,B,8,GACAACTC,P5-Hamady-nexF_0067,TTCGTTCG,CGAACGAA,P7-Hamady-nexR_0013
ST2_6,C,8,GACAACTC,P5-Hamady-nexF_0067,TGACTGTG,CACAGTCA,P7-Hamady-nexR_0022
ST2_6,D,8,GACAACTC,P5-Hamady-nexF_0067,GTAGACCT,AGGTCTAC,P7-Hamady-nexR_0033
ST2_6,E,8,CGCGATTA,P5-Hamady-nexF_0070,GAGAGAGA,TCTCTCTC,P7-Hamady-nexR_0028
ST2_6,F,8,CGCGATTA,P5-Hamady-nexF_0070,TTCGTTCG,CGAACGAA,P7-Hamady-nexR_0013
ST2_6,G,8,CGCGATTA,P5-Hamady-nexF_0070,TGACTGTG,CACAGTCA,P7-Hamady-nexR_0022
ST2_6,H,8,CGCGATTA,P5-Hamady-nexF_0070,GTAGACCT,AGGTCTAC,P7-Hamady-nexR_0033
ST2_6,A,9,GACAACTC,P5-Hamady-nexF_0067,ACCAGTAC,GTACTGGT,P7-Hamady-nexR_0020
ST2_6,B,9,GACAACTC,P5-Hamady-nexF_0067,TGTCGACA,TGTCGACA,P7-Hamady-nexR_0029
ST2_6,C,9,GACAACTC,P5-Hamady-nexF_0067,TCTCACTG,CAGTGAGA,P7-Hamady-nexR_0034
ST2_6,D,9,GACAACTC,P5-Hamady-nexF_0067,TTCCATGC,GCATGGAA,P7-Hamady-nexR_0006
ST2_6,E,9,CGCGATTA,P5-Hamady-nexF_0070,ACCAGTAC,GTACTGGT,P7-Hamady-nexR_0020
ST2_6,F,9,CGCGATTA,P5-Hamady-nexF_0070,TGTCGACA,TGTCGACA,P7-Hamady-nexR_0029
ST2_6,G,9,CGCGATTA,P5-Hamady-nexF_0070,TCTCACTG,CAGTGAGA,P7-Hamady-nexR_0034
ST2_6,H,9,CGCGATTA,P5-Hamady-nexF_0070,TTCCATGC,GCATGGAA,P7-Hamady-nexR_0006
ST2_6,A,10,GACAACTC,P5-Hamady-nexF_0067,AACGTTGC,GCAACGTT,P7-Hamady-nexR_0035
ST2_6,B,10,GACAACTC,P5-Hamady-nexF_0067,ACTCTGTC,GACAGAGT,P7-Hamady-nexR_0016
ST2_6,C,10,GACAACTC,P5-Hamady-nexF_0067,TGTGAGAG,CTCTCACA,P7-Hamady-nexR_0018
ST2_6,D,10,GACAACTC,P5-Hamady-nexF_0067,GTACCAAC,GTTGGTAC,P7-Hamady-nexR_0008
ST2_6,E,10,CGCGATTA,P5-Hamady-nexF_0070,AACGTTGC,GCAACGTT,P7-Hamady-nexR_0035
ST2_6,F,10,CGCGATTA,P5-Hamady-nexF_0070,ACTCTGTC,GACAGAGT,P7-Hamady-nexR_0016
ST2_6,G,10,CGCGATTA,P5-Hamady-nexF_0070,TGTGAGAG,CTCTCACA,P7-Hamady-nexR_0018
ST2_6,H,10,CGCGATTA,P5-Hamady-nexF_0070,GTACCAAC,GTTGGTAC,P7-Hamady-nexR_0008
ST2_6,A,11,GACAACTC,P5-Hamady-nexF_0067,CCGCTTAT,ATAAGCGG,P7-Hamady-nexR_0025
ST2_6,B,11,GACAACTC,P5-Hamady-nexF_0067,AGAGACAC,GTGTCTCT,P7-Hamady-nexR_0001
ST2_6,C,11,GACAACTC,P5-Hamady-nexF_0067,GAGTACAG,CTGTACTC,P7-Hamady-nexR_0005
ST2_6,D,11,GACAACTC,P5-Hamady-nexF_0067,CATGTGCA,TGCACATG,P7-Hamady-nexR_0021
ST2_6,E,11,CGCGATTA,P5-Hamady-nexF_0070,CCGCTTAT,ATAAGCGG,P7-Hamady-nexR_0025
ST2_6,F,11,CGCGATTA,P5-Hamady-nexF_0070,AGAGACAC,GTGTCTCT,P7-Hamady-nexR_0001
ST2_6,G,11,CGCGATTA,P5-Hamady-nexF_0070,GAGTACAG,CTGTACTC,P7-Hamady-nexR_0005
ST2_6,H,11,CGCGATTA,P5-Hamady-nexF_0070,CATGTGCA,TGCACATG,P7-Hamady-nexR_0021
ST2_6,A,12,GACAACTC,P5-Hamady-nexF_0067,CGTTCCTA,TAGGAACG,P7-Hamady-nexR_0009
ST2_6,B,12,GACAACTC,P5-Hamady-nexF_0067,AGGAACCA,TGGTTCCT,P7-Hamady-nexR_0036
ST2_6,C,12,GACAACTC,P5-Hamady-nexF_0067,CCTAGGAT,ATCCTAGG,P7-Hamady-nexR_0017
ST2_6,D,12,GACAACTC,P5-Hamady-nexF_0067,AACGAACG,CGTTCGTT,P7-Hamady-nexR_0007
ST2_6,E,12,CGCGATTA,P5-Hamady-nexF_0070,CGTTCCTA,TAGGAACG,P7-Hamady-nexR_0009
ST2_6,F,12,CGCGATTA,P5-Hamady-nexF_0070,AGGAACCA,TGGTTCCT,P7-Hamady-nexR_0036
ST2_6,G,12,CGCGATTA,P5-Hamady-nexF_0070,CCTAGGAT,ATCCTAGG,P7-Hamady-nexR_0017
ST2_6,H,12,CGCGATTA,P5-Hamady-nexF_0070,AACGAACG,CGTTCGTT,P7-Hamady-nexR_0007
ST2_7,A,1,TCGTAGCA,P5-Hamady-nexF_0053,GTGTCTCT,AGAGACAC,P7-Hamady-nexR_0031
ST2_7,B,1,TCGTAGCA,P5-Hamady-nexF_0053,ACCTTGCT,AGCAAGGT,P7-Hamady-nexR_0002
ST2_7,C,1,TCGTAGCA,P5-Hamady-nexF_0053,CAAGCAAG,CTTGCTTG,P7-Hamady-nexR_0014
ST2_7,D,1,TCGTAGCA,P5-Hamady-nexF_0053,TTGCTACC,GGTAGCAA,P7-Hamady-nexR_0003
ST2_7,E,1,GTAGCTTG,P5-Hamady-nexF_0089,GTGTCTCT,AGAGACAC,P7-Hamady-nexR_0031
ST2_7,F,1,GTAGCTTG,P5-Hamady-nexF_0089,ACCTTGCT,AGCAAGGT,P7-Hamady-nexR_0002
ST2_7,G,1,GTAGCTTG,P5-Hamady-nexF_0089,CAAGCAAG,CTTGCTTG,P7-Hamady-nexR_0014
ST2_7,H,1,GTAGCTTG,P5-Hamady-nexF_0089,TTGCTACC,GGTAGCAA,P7-Hamady-nexR_0003
ST2_7,A,2,TCGTAGCA,P5-Hamady-nexF_0053,GAGAGAGA,TCTCTCTC,P7-Hamady-nexR_0028
ST2_7,B,2,TCGTAGCA,P5-Hamady-nexF_0053,TTCGTTCG,CGAACGAA,P7-Hamady-nexR_0013
ST2_7,C,2,TCGTAGCA,P5-Hamady-nexF_0053,TGACTGTG,CACAGTCA,P7-Hamady-nexR_0022
ST2_7,D,2,TCGTAGCA,P5-Hamady-nexF_0053,GTAGACCT,AGGTCTAC,P7-Hamady-nexR_0033
ST2_7,E,2,GTAGCTTG,P5-Hamady-nexF_0089,GAGAGAGA,TCTCTCTC,P7-Hamady-nexR_0028
ST2_7,F,2,GTAGCTTG,P5-Hamady-nexF_0089,TTCGTTCG,CGAACGAA,P7-Hamady-nexR_0013
ST2_7,G,2,GTAGCTTG,P5-Hamady-nexF_0089,TGACTGTG,CACAGTCA,P7-Hamady-nexR_0022
ST2_7,H,2,GTAGCTTG,P5-Hamady-nexF_0089,GTAGACCT,AGGTCTAC,P7-Hamady-nexR_0033
ST2_7,A,3,TCGTAGCA,P5-Hamady-nexF_0053,ACCAGTAC,GTACTGGT,P7-Hamady-nexR_0020
ST2_7,B,3,TCGTAGCA,P5-Hamady-nexF_0053,TGTCGACA,TGTCGACA,P7-Hamady-nexR_0029
ST2_7,C,3,TCGTAGCA,P5-Hamady-nexF_0053,TCTCACTG,CAGTGAGA,P7-Hamady-nexR_0034
ST2_7,D,3,TCGTAGCA,P5-Hamady-nexF_0053,TTCCATGC,GCATGGAA,P7-Hamady-nexR_0006
ST2_7,E,3,GTAGCTTG,P5-Hamady-nexF_0089,ACCAGTAC,GTACTGGT,P7-Hamady-nexR_0020
ST2_7,F,3,GTAGCTTG,P5-Hamady-nexF_0089,TGTCGACA,TGTCGACA,P7-Hamady-nexR_0029
ST2_7,G,3,GTAGCTTG,P5-Hamady-nexF_0089,TCTCACTG,CAGTGAGA,P7-Hamady-nexR_0034
ST2_7,H,3,GTAGCTTG,P5-Hamady-nexF_0089,TTCCATGC,GCATGGAA,P7-Hamady-nexR_0006
ST2_7,A,4,TCGTAGCA,P5-Hamady-nexF_0053,AACGTTGC,GCAACGTT,P7-Hamady-nexR_0035
ST2_7,B,4,TCGTAGCA,P5-Hamady-nexF_0053,ACTCTGTC,GACAGAGT,P7-Hamady-nexR_0016
ST2_7,C,4,TCGTAGCA,P5-Hamady-nexF_0053,TGTGAGAG,CTCTCACA,P7-Hamady-nexR_0018
ST2_7,D,4,TCGTAGCA,P5-Hamady-nexF_0053,GTACCAAC,GTTGGTAC,P7-Hamady-nexR_0008
ST2_7,E,4,GTAGCTTG,P5-Hamady-nexF_0089,AACGTTGC,GCAACGTT,P7-Hamady-nexR_0035
ST2_7,F,4,GTAGCTTG,P5-Hamady-nexF_0089,ACTCTGTC,GACAGAGT,P7-Hamady-nexR_0016
ST2_7,G,4,GTAGCTTG,P5-Hamady-nexF_0089,TGTGAGAG,CTCTCACA,P7-Hamady-nexR_0018
ST2_7,H,4,GTAGCTTG,P5-Hamady-nexF_0089,GTACCAAC,GTTGGTAC,P7-Hamady-nexR_0008
ST2_7,A,5,TCGTAGCA,P5-Hamady-nexF_0053,CCGCTTAT,ATAAGCGG,P7-Hamady-nexR_0025
ST2_7,B,5,TCGTAGCA,P5-Hamady-nexF_0053,AGAGACAC,GTGTCTCT,P7-Hamady-nexR_0001
ST2_7,C,5,TCGTAGCA,P5-Hamady-nexF_0053,GAGTACAG,CTGTACTC,P7-Hamady-nexR_0005
ST2_7,D,5,TCGTAGCA,P5-Hamady-nexF_0053,CATGTGCA,TGCACATG,P7-Hamady-nexR_0021
ST2_7,E,5,GTAGCTTG,P5-Hamady-nexF_0089,CCGCTTAT,ATAAGCGG,P7-Hamady-nexR_0025
ST2_7,F,5,GTAGCTTG,P5-Hamady-nexF_0089,AGAGACAC,GTGTCTCT,P7-Hamady-nexR_0001
ST2_7,G,5,GTAGCTTG,P5-Hamady-nexF_0089,GAGTACAG,CTGTACTC,P7-Hamady-nexR_0005
ST2_7,H,5,GTAGCTTG,P5-Hamady-nexF_0089,CATGTGCA,TGCACATG,P7-Hamady-nexR_0021
ST2_7,A,6,TCGTAGCA,P5-Hamady-nexF_0053,CGTTCCTA,TAGGAACG,P7-Hamady-nexR_0009
ST2_7,B,6,TCGTAGCA,P5-Hamady-nexF_0053,AGGAACCA,TGGTTCCT,P7-Hamady-nexR_0036
ST2_7,C,6,TCGTAGCA,P5-Hamady-nexF_0053,CCTAGGAT,ATCCTAGG,P7-Hamady-nexR_0017
ST2_7,D,6,TCGTAGCA,P5-Hamady-nexF_0053,AACGAACG,CGTTCGTT,P7-Hamady-nexR_0007
ST2_7,E,6,GTAGCTTG,P5-Hamady-nexF_0089,CGTTCCTA,TAGGAACG,P7-Hamady-nexR_0009
ST2_7,F,6,GTAGCTTG,P5-Hamady-nexF_0089,AGGAACCA,TGGTTCCT,P7-Hamady-nexR_0036
ST2_7,G,6,GTAGCTTG,P5-Hamady-nexF_0089,CCTAGGAT,ATCCTAGG,P7-Hamady-nexR_0017
ST2_7,H,6,GTAGCTTG,P5-Hamady-nexF_0089,AACGAACG,CGTTCGTT,P7-Hamady-nexR_0007
ST2_7,A,7,TATAGCGC,P5-Hamady-nexF_0021,GTGTCTCT,AGAGACAC,P7-Hamady-nexR_0031
ST2_7,B,7,TATAGCGC,P5-Hamady-nexF_0021,ACCTTGCT,AGCAAGGT,P7-Hamady-nexR_0002
ST2_7,C,7,TATAGCGC,P5-Hamady-nexF_0021,CAAGCAAG,CTTGCTTG,P7-Hamady-nexR_0014
ST2_7,D,7,TATAGCGC,P5-Hamady-nexF_0021,TTGCTACC,GGTAGCAA,P7-Hamady-nexR_0003
ST2_7,E,7,ATCGGCAT,P5-Hamady-nexF_0024,GTGTCTCT,AGAGACAC,P7-Hamady-nexR_0031
ST2_7,F,7,ATCGGCAT,P5-Hamady-nexF_0024,ACCTTGCT,AGCAAGGT,P7-Hamady-nexR_0002
ST2_7,G,7,ATCGGCAT,P5-Hamady-nexF_0024,CAAGCAAG,CTTGCTTG,P7-Hamady-nexR_0014
ST2_7,H,7,ATCGGCAT,P5-Hamady-nexF_0024,TTGCTACC,GGTAGCAA,P7-Hamady-nexR_0003
ST2_7,A,8,TATAGCGC,P5-Hamady-nexF_0021,GAGAGAGA,TCTCTCTC,P7-Hamady-nexR_0028
ST2_7,B,8,TATAGCGC,P5-Hamady-nexF_0021,TTCGTTCG,CGAACGAA,P7-Hamady-nexR_0013
ST2_7,C,8,TATAGCGC,P5-Hamady-nexF_0021,TGACTGTG,CACAGTCA,P7-Hamady-nexR_0022
ST2_7,D,8,TATAGCGC,P5-Hamady-nexF_0021,GTAGACCT,AGGTCTAC,P7-Hamady-nexR_0033
ST2_7,E,8,ATCGGCAT,P5-Hamady-nexF_0024,GAGAGAGA,TCTCTCTC,P7-Hamady-nexR_0028
ST2_7,F,8,ATCGGCAT,P5-Hamady-nexF_0024,TTCGTTCG,CGAACGAA,P7-Hamady-nexR_0013
ST2_7,G,8,ATCGGCAT,P5-Hamady-nexF_0024,TGACTGTG,CACAGTCA,P7-Hamady-nexR_0022
ST2_7,H,8,ATCGGCAT,P5-Hamady-nexF_0024,GTAGACCT,AGGTCTAC,P7-Hamady-nexR_0033
ST2_7,A,9,TATAGCGC,P5-Hamady-nexF_0021,ACCAGTAC,GTACTGGT,P7-Hamady-nexR_0020
ST2_7,B,9,TATAGCGC,P5-Hamady-nexF_0021,TGTCGACA,TGTCGACA,P7-Hamady-nexR_0029
ST2_7,C,9,TATAGCGC,P5-Hamady-nexF_0021,TCTCACTG,CAGTGAGA,P7-Hamady-nexR_0034
ST2_7,D,9,TATAGCGC,P5-Hamady-nexF_0021,TTCCATGC,GCATGGAA,P7-Hamady-nexR_0006
ST2_7,E,9,ATCGGCAT,P5-Hamady-nexF_0024,ACCAGTAC,GTACTGGT,P7-Hamady-nexR_0020
ST2_7,F,9,ATCGGCAT,P5-Hamady-nexF_0024,TGTCGACA,TGTCGACA,P7-Hamady-nexR_0029
ST2_7,G,9,ATCGGCAT,P5-Hamady-nexF_0024,TCTCACTG,CAGTGAGA,P7-Hamady-nexR_0034
ST2_7,H,9,ATCGGCAT,P5-Hamady-nexF_0024,TTCCATGC,GCATGGAA,P7-Hamady-nexR_0006
ST2_7,A,10,TATAGCGC,P5-Hamady-nexF_0021,AACGTTGC,GCAACGTT,P7-Hamady-nexR_0035
ST2_7,B,10,TATAGCGC,P5-Hamady-nexF_0021,ACTCTGTC,GACAGAGT,P7-Hamady-nexR_0016
ST2_7,C,10,TATAGCGC,P5-Hamady-nexF_0021,TGTGAGAG,CTCTCACA,P7-Hamady-nexR_0018
ST2_7,D,10,TATAGCGC,P5-Hamady-nexF_0021,GTACCAAC,GTTGGTAC,P7-Hamady-nexR_0008
ST2_7,E,10,ATCGGCAT,P5-Hamady-nexF_0024,AACGTTGC,GCAACGTT,P7-Hamady-nexR_0035
ST2_7,F,10,ATCGGCAT,P5-Hamady-nexF_0024,ACTCTGTC,GACAGAGT,P7-Hamady-nexR_0016
ST2_7,G,10,ATCGGCAT,P5-Hamady-nexF_0024,TGTGAGAG,CTCTCACA,P7-Hamady-nexR_0018
ST2_7,H,10,ATCGGCAT,P5-Hamady-nexF_0024,GTACCAAC,GTTGGTAC,P7-Hamady-nexR_0008
ST2_7,A,11,TATAGCGC,P5-Hamady-nexF_0021,CCGCTTAT,ATAAGCGG,P7-Hamady-nexR_0025
ST2_7,B,11,TATAGCGC,P5-Hamady-nexF_0021,AGAGACAC,GTGTCTCT,P7-Hamady-nexR_0001
ST2_7,C,11,TATAGCGC,P5-Hamady-nexF_0021,GAGTACAG,CTGTACTC,P7-Hamady-nexR_0005
ST2_7,D,11,TATAGCGC,P5-Hamady-nexF_0021,CATGTGCA,TGCACATG,P7-Hamady-nexR_0021
ST2_7,E,11,ATCGGCAT,P5-Hamady-nexF_0024,CCGCTTAT,ATAAGCGG,P7-Hamady-nexR_0025
ST2_7,F,11,ATCGGCAT,P5-Hamady-nexF_0024,AGAGACAC,GTGTCTCT,P7-Hamady-nexR_0001
ST2_7,G,11,ATCGGCAT,P5-Hamady-nexF_0024,GAGTACAG,CTGTACTC,P7-Hamady-nexR_0005
ST2_7,H,11,ATCGGCAT,P5-Hamady-nexF_0024,CATGTGCA,TGCACATG,P7-Hamady-nexR_0021
ST2_7,A,12,TATAGCGC,P5-Hamady-nexF_0021,CGTTCCTA,TAGGAACG,P7-Hamady-nexR_0009
ST2_7,B,12,TATAGCGC,P5-Hamady-nexF_0021,AGGAACCA,TGGTTCCT,P7-Hamady-nexR_0036
ST2_7,C,12,TATAGCGC,P5-Hamady-nexF_0021,CCTAGGAT,ATCCTAGG,P7-Hamady-nexR_0017
ST2_7,D,12,TATAGCGC,P5-Hamady-nexF_0021,AACGAACG,CGTTCGTT,P7-Hamady-nexR_0007
ST2_7,E,12,ATCGGCAT,P5-Hamady-nexF_0024,CGTTCCTA,TAGGAACG,P7-Hamady-nexR_0009
ST2_7,F,12,ATCGGCAT,P5-Hamady-nexF_0024,AGGAACCA,TGGTTCCT,P7-Hamady-nexR_0036
ST2_7,G,12,ATCGGCAT,P5-Hamady-nexF_0024,CCTAGGAT,ATCCTAGG,P7-Hamady-nexR_0017
ST2_7,H,12,ATCGGCAT,P5-Hamady-nexF_0024,AACGAACG,CGTTCGTT,P7-Hamady-nexR_0007
ST2_8,A,1,CACTTCTG,P5-Hamady-nexF_0013,GTGTCTCT,AGAGACAC,P7-Hamady-nexR_0031
ST2_8,B,1,CACTTCTG,P5-Hamady-nexF_0013,ACCTTGCT,AGCAAGGT,P7-Hamady-nexR_0002
ST2_8,C,1,CACTTCTG,P5-Hamady-nexF_0013,CAAGCAAG,CTTGCTTG,P7-Hamady-nexR_0014
ST2_8,D,1,CACTTCTG,P5-Hamady-nexF_0013,TTGCTACC,GGTAGCAA,P7-Hamady-nexR_0003
ST2_8,E,1,TGACGAGA,P5-Hamady-nexF_0052,GTGTCTCT,AGAGACAC,P7-Hamady-nexR_0031
ST2_8,F,1,TGACGAGA,P5-Hamady-nexF_0052,ACCTTGCT,AGCAAGGT,P7-Hamady-nexR_0002
ST2_8,G,1,TGACGAGA,P5-Hamady-nexF_0052,CAAGCAAG,CTTGCTTG,P7-Hamady-nexR_0014
ST2_8,H,1,TGACGAGA,P5-Hamady-nexF_0052,TTGCTACC,GGTAGCAA,P7-Hamady-nexR_0003
ST2_8,A,2,CACTTCTG,P5-Hamady-nexF_0013,GAGAGAGA,TCTCTCTC,P7-Hamady-nexR_0028
ST2_8,B,2,CACTTCTG,P5-Hamady-nexF_0013,TTCGTTCG,CGAACGAA,P7-Hamady-nexR_0013
ST2_8,C,2,CACTTCTG,P5-Hamady-nexF_0013,TGACTGTG,CACAGTCA,P7-Hamady-nexR_0022
ST2_8,D,2,CACTTCTG,P5-Hamady-nexF_0013,GTAGACCT,AGGTCTAC,P7-Hamady-nexR_0033
ST2_8,E,2,TGACGAGA,P5-Hamady-nexF_0052,GAGAGAGA,TCTCTCTC,P7-Hamady-nexR_0028
ST2_8,F,2,TGACGAGA,P5-Hamady-nexF_0052,TTCGTTCG,CGAACGAA,P7-Hamady-nexR_0013
ST2_8,G,2,TGACGAGA,P5-Hamady-nexF_0052,TGACTGTG,CACAGTCA,P7-Hamady-nexR_0022
ST2_8,H,2,TGACGAGA,P5-Hamady-nexF_0052,GTAGACCT,AGGTCTAC,P7-Hamady-nexR_0033
ST2_8,A,3,CACTTCTG,P5-Hamady-nexF_0013,ACCAGTAC,GTACTGGT,P7-Hamady-nexR_0020
ST2_8,B,3,CACTTCTG,P5-Hamady-nexF_0013,TGTCGACA,TGTCGACA,P7-Hamady-nexR_0029
ST2_8,C,3,CACTTCTG,P5-Hamady-nexF_0013,TCTCACTG,CAGTGAGA,P7-Hamady-nexR_0034
ST2_8,D,3,CACTTCTG,P5-Hamady-nexF_0013,TTCCATGC,GCATGGAA,P7-Hamady-nexR_0006
ST2_8,E,3,TGACGAGA,P5-Hamady-nexF_0052,ACCAGTAC,GTACTGGT,P7-Hamady-nexR_0020
ST2_8,F,3,TGACGAGA,P5-Hamady-nexF_0052,TGTCGACA,TGTCGACA,P7-Hamady-nexR_0029
ST2_8,G,3,TGACGAGA,P5-Hamady-nexF_0052,TCTCACTG,CAGTGAGA,P7-Hamady-nexR_0034
ST2_8,H,3,TGACGAGA,P5-Hamady-nexF_0052,TTCCATGC,GCATGGAA,P7-Hamady-nexR_0006
ST2_8,A,4,CACTTCTG,P5-Hamady-nexF_0013,AACGTTGC,GCAACGTT,P7-Hamady-nexR_0035
ST2_8,B,4,CACTTCTG,P5-Hamady-nexF_0013,ACTCTGTC,GACAGAGT,P7-Hamady-nexR_0016
ST2_8,C,4,CACTTCTG,P5-Hamady-nexF_0013,TGTGAGAG,CTCTCACA,P7-Hamady-nexR_0018
ST2_8,D,4,CACTTCTG,P5-Hamady-nexF_0013,GTACCAAC,GTTGGTAC,P7-Hamady-nexR_0008
ST2_8,E,4,TGACGAGA,P5-Hamady-nexF_0052,AACGTTGC,GCAACGTT,P7-Hamady-nexR_0035
ST2_8,F,4,TGACGAGA,P5-Hamady-nexF_0052,ACTCTGTC,GACAGAGT,P7-Hamady-nexR_0016
ST2_8,G,4,TGACGAGA,P5-Hamady-nexF_0052,TGTGAGAG,CTCTCACA,P7-Hamady-nexR_0018
ST2_8,H,4,TGACGAGA,P5-Hamady-nexF_0052,GTACCAAC,GTTGGTAC,P7-Hamady-nexR_0008
ST2_8,A,5,CACTTCTG,P5-Hamady-nexF_0013,CCGCTTAT,ATAAGCGG,P7-Hamady-nexR_0025
ST2_8,B,5,CACTTCTG,P5-Hamady-nexF_0013,AGAGACAC,GTGTCTCT,P7-Hamady-nexR_0001
ST2_8,C,5,CACTTCTG,P5-Hamady-nexF_0013,GAGTACAG,CTGTACTC,P7-Hamady-nexR_0005
ST2_8,D,5,CACTTCTG,P5-Hamady-nexF_0013,CATGTGCA,TGCACATG,P7-Hamady-nexR_0021
ST2_8,E,5,TGACGAGA,P5-Hamady-nexF_0052,CCGCTTAT,ATAAGCGG,P7-Hamady-nexR_0025
ST2_8,F,5,TGACGAGA,P5-Hamady-nexF_0052,AGAGACAC,GTGTCTCT,P7-Hamady-nexR_0001
ST2_8,G,5,TGACGAGA,P5-Hamady-nexF_0052,GAGTACAG,CTGTACTC,P7-Hamady-nexR_0005
ST2_8,H,5,TGACGAGA,P5-Hamady-nexF_0052,CATGTGCA,TGCACATG,P7-Hamady-nexR_0021
ST2_8,A,6,CACTTCTG,P5-Hamady-nexF_0013,CGTTCCTA,TAGGAACG,P7-Hamady-nexR_0009
ST2_8,B,6,CACTTCTG,P5-Hamady-nexF_0013,AGGAACCA,TGGTTCCT,P7-Hamady-nexR_0036
ST2_8,C,6,CACTTCTG,P5-Hamady-nexF_0013,CCTAGGAT,ATCCTAGG,P7-Hamady-nexR_0017
ST2_8,D,6,CACTTCTG,P5-Hamady-nexF_0013,AACGAACG,CGTTCGTT,P7-Hamady-nexR_0007
ST2_8,E,6,TGACGAGA,P5-Hamady-nexF_0052,CGTTCCTA,TAGGAACG,P7-Hamady-nexR_0009
ST2_8,F,6,TGACGAGA,P5-Hamady-nexF_0052,AGGAACCA,TGGTTCCT,P7-Hamady-nexR_0036
ST2_8,G,6,TGACGAGA,P5-Hamady-nexF_0052,CCTAGGAT,ATCCTAGG,P7-Hamady-nexR_0017
ST2_8,H,6,TGACGAGA,P5-Hamady-nexF_0052,AACGAACG,CGTTCGTT,P7-Hamady-nexR_0007
ST2_8,A,7,CCAATTCC,P5-Hamady-nexF_0068,GTGTCTCT,AGAGACAC,P7-Hamady-nexR_0031
ST2_8,B,7,CCAATTCC,P5-Hamady-nexF_0068,ACCTTGCT,AGCAAGGT,P7-Hamady-nexR_0002
ST2_8,C,7,CCAATTCC,P5-Hamady-nexF_0068,CAAGCAAG,CTTGCTTG,P7-Hamady-nexR_0014
ST2_8,D,7,CCAATTCC,P5-Hamady-nexF_0068,TTGCTACC,GGTAGCAA,P7-Hamady-nexR_0003
ST2_8,E,7,AGTGGTGA,P5-Hamady-nexF_0010,GTGTCTCT,AGAGACAC,P7-Hamady-nexR_0031
ST2_8,F,7,AGTGGTGA,P5-Hamady-nexF_0010,ACCTTGCT,AGCAAGGT,P7-Hamady-nexR_0002
ST2_8,G,7,AGTGGTGA,P5-Hamady-nexF_0010,CAAGCAAG,CTTGCTTG,P7-Hamady-nexR_0014
ST2_8,H,7,AGTGGTGA,P5-Hamady-nexF_0010,TTGCTACC,GGTAGCAA,P7-Hamady-nexR_0003
ST2_8,A,8,CCAATTCC,P5-Hamady-nexF_0068,GAGAGAGA,TCTCTCTC,P7-Hamady-nexR_0028
ST2_8,B,8,CCAATTCC,P5-Hamady-nexF_0068,TTCGTTCG,CGAACGAA,P7-Hamady-nexR_0013
ST2_8,C,8,CCAATTCC,P5-Hamady-nexF_0068,TGACTGTG,CACAGTCA,P7-Hamady-nexR_0022
ST2_8,D,8,CCAATTCC,P5-Hamady-nexF_0068,GTAGACCT,AGGTCTAC,P7-Hamady-nexR_0033
ST2_8,E,8,AGTGGTGA,P5-Hamady-nexF_0010,GAGAGAGA,TCTCTCTC,P7-Hamady-nexR_0028
ST2_8,F,8,AGTGGTGA,P5-Hamady-nexF_0010,TTCGTTCG,CGAACGAA,P7-Hamady-nexR_0013
ST2_8,G,8,AGTGGTGA,P5-Hamady-nexF_0010,TGACTGTG,CACAGTCA,P7-Hamady-nexR_0022
ST2_8,H,8,AGTGGTGA,P5-Hamady-nexF_0010,GTAGACCT,AGGTCTAC,P7-Hamady-nexR_0033
ST2_8,A,9,CCAATTCC,P5-Hamady-nexF_0068,ACCAGTAC,GTACTGGT,P7-Hamady-nexR_0020
ST2_8,B,9,CCAATTCC,P5-Hamady-nexF_0068,TGTCGACA,TGTCGACA,P7-Hamady-nexR_0029
ST2_8,C,9,CCAATTCC,P5-Hamady-nexF_0068,TCTCACTG,CAGTGAGA,P7-Hamady-nexR_0034
ST2_8,D,9,CCAATTCC,P5-Hamady-nexF_0068,TTCCATGC,GCATGGAA,P7-Hamady-nexR_0006
ST2_8,E,9,AGTGGTGA,P5-Hamady-nexF_0010,ACCAGTAC,GTACTGGT,P7-Hamady-nexR_0020
ST2_8,F,9,AGTGGTGA,P5-Hamady-nexF_0010,TGTCGACA,TGTCGACA,P7-Hamady-nexR_0029
ST2_8,G,9,AGTGGTGA,P5-Hamady-nexF_0010,TCTCACTG,CAGTGAGA,P7-Hamady-nexR_0034
ST2_8,H,9,AGTGGTGA,P5-Hamady-nexF_0010,TTCCATGC,GCATGGAA,P7-Hamady-nexR_0006
ST2_8,A,10,CCAATTCC,P5-Hamady-nexF_0068,AACGTTGC,GCAACGTT,P7-Hamady-nexR_0035
ST2_8,B,10,CCAATTCC,P5-Hamady-nexF_0068,ACTCTGTC,GACAGAGT,P7-Hamady-nexR_0016
ST2_8,C,10,CCAATTCC,P5-Hamady-nexF_0068,TGTGAGAG,CTCTCACA,P7-Hamady-nexR_0018
ST2_8,D,10,CCAATTCC,P5-Hamady-nexF_0068,GTACCAAC,GTTGGTAC,P7-Hamady-nexR_0008
ST2_8,E,10,AGTGGTGA,P5-Hamady-nexF_0010,AACGTTGC,GCAACGTT,P7-Hamady-nexR_0035
ST2_8,F,10,AGTGGTGA,P5-Hamady-nexF_0010,ACTCTGTC,GACAGAGT,P7-Hamady-nexR_0016
ST2_8,G,10,AGTGGTGA,P5-Hamady-nexF_0010,TGTGAGAG,CTCTCACA,P7-Hamady-nexR_0018
ST2_8,H,10,AGTGGTGA,P5-Hamady-nexF_0010,GTACCAAC,GTTGGTAC,P7-Hamady-nexR_0008
ST2_8,A,11,CCAATTCC,P5-Hamady-nexF_0068,CCGCTTAT,ATAAGCGG,P7-Hamady-nexR_0025
ST2_8,B,11,CCAATTCC,P5-Hamady-nexF_0068,AGAGACAC,GTGTCTCT,P7-Hamady-nexR_0001
ST2_8,C,11,CCAATTCC,P5-Hamady-nexF_0068,GAGTACAG,CTGTACTC,P7-Hamady-nexR_0005
ST2_8,D,11,CCAATTCC,P5-Hamady-nexF_0068,CATGTGCA,TGCACATG,P7-Hamady-nexR_0021
ST2_8,E,11,AGTGGTGA,P5-Hamady-nexF_0010,CCGCTTAT,ATAAGCGG,P7-Hamady-nexR_0025
ST2_8,F,11,AGTGGTGA,P5-Hamady-nexF_0010,AGAGACAC,GTGTCTCT,P7-Hamady-nexR_0001
ST2_8,G,11,AGTGGTGA,P5-Hamady-nexF_0010,GAGTACAG,CTGTACTC,P7-Hamady-nexR_0005
ST2_8,H,11,AGTGGTGA,P5-Hamady-nexF_0010,CATGTGCA,TGCACATG,P7-Hamady-nexR_0021
ST2_8,A,12,CCAATTCC,P5-Hamady-nexF_0068,CGTTCCTA,TAGGAACG,P7-Hamady-nexR_0009
ST2_8,B,12,CCAATTCC,P5-Hamady-nexF_0068,AGGAACCA,TGGTTCCT,P7-Hamady-nexR_0036
ST2_8,C,12,CCAATTCC,P5-Hamady-nexF_0068,CCTAGGAT,ATCCTAGG,P7-Hamady-nexR_0017
ST2_8,D,12,CCAATTCC,P5-Hamady-nexF_0068,AACGAACG,CGTTCGTT,P7-Hamady-nexR_0007
ST2_8,E,12,AGTGGTGA,P5-Hamady-nexF_0010,CGTTCCTA,TAGGAACG,P7-Hamady-nexR_0009
ST2_8,F,12,AGTGGTGA,P5-Hamady-nexF_0010,AGGAACCA,TGGTTCCT,P7-Hamady-nexR_0036
ST2_8,G,12,AGTGGTGA,P5-Hamady-nexF_0010,CCTAGGAT,ATCCTAGG,P7-Hamady-nexR_0017
ST2_8,H,12,AGTGGTGA,P5-Hamady-nexF_0010,AACGAACG,CGTTCGTT,P7-Hamady-nexR_0007